Xidx	OG	startX	endX	chainX	name	Ds	SE	stratum	Yidx	startY	endY	chainY
Silla-v4:chrX:idx1582	OG0007325	216598148	216601105	-	NA	0.0744	0.027	S2b	Silla-v4:chrY:idx1334	284222224	284227013	+
Silla-v4:chrX:idx1585	OG0007324	217544649	217558733	+	NA	0.0425	0.0105	S2b	Silla-v4:chrY:idx1340	284467713	284490126	+
Silla-v4:chrX:idx1334	OG0006956	107367434	107385286	+	NA	0.0274	0.0071	S2b	Silla-v4:chrY:idx1990	416422014	416445168	-
Silla-v4:chrX:idx1710	OG0022264	259061600	259067917	+	NA	0.0249	0.0125	S2b	Silla-v4:chrY:idx1980	412585625	412591717	-
Silla-v4:chrX:idx1716	OG0007318	259891967	259899635	-	NA	0.0264	0.0094	S2b	Silla-v4:chrY:idx1978	411957104	411962850	-
Silla-v4:chrX:idx0273	OG0007111	4762101	4766627	+	NA	0.038	0.0116	S1a	Silla-v4:chrY:idx1977	410217430	410221667	-
Silla-v4:chrX:idx0275	OG0007112	4768174	4771959	+	NA	0.1104	0.0344	S1a	Silla-v4:chrY:idx1976	410158413	410162889	-
Silla-v4:chrX:idx0131	OG0007074	2457925	2462873	+	NA	0.0715	0.0164	S1a	Silla-v4:chrY:idx1966	409012212	409017206	-
Silla-v4:chrX:idx0915	OG0007017	22872189	22878452	+	NA	0.0936	0.017	S1c	Silla-v4:chrY:idx1965	408088676	408095345	-
Silla-v4:chrX:idx0313	OG0022233	5267606	5277999	-	NA	0.0911	0.0151	S1a	Silla-v4:chrY:idx1962	407338763	407352862	-
Silla-v4:chrX:idx0547	OG0007206	10109518	10111065	-	NA	0.1856	0.0509	S1bL	Silla-v4:chrY:idx1958	405919054	405919823	-
Silla-v4:chrX:idx0336	OG0007132	5705787	5711067	-	NA	0.176	0.0297	S1a	Silla-v4:chrY:idx1952	405564141	405572338	-
Silla-v4:chrX:idx1789	OG0005905	274953092	274959363	-	NA	0.1275	0.0235	S2b	Silla-v4:chrY:idx1935	401687427	401693252	-
Silla-v4:chrX:idx1788	OG0005906	274947123	274952562	+	NA	0.3352	0.0814	S2b	Silla-v4:chrY:idx1933	401566370	401568393	-
Silla-v4:chrX:idx0680	OG0006920	13096419	13098620	-	NA	0.1676	0.0231	S1bL	Silla-v4:chrY:idx1903	395193613	395201685	-
Silla-v4:chrX:idx0128	OG0007073	2435296	2443667	+	NA	0.0323	0.0097	S1a	Silla-v4:chrY:idx1896	394381482	394388221	-
Silla-v4:chrX:idx0605	OG0022236	11238456	11239887	+	clavata	0.1624	0.0553	S1bL	Silla-v4:chrY:idx1889	393180535	393182355	-
Silla-v4:chrX:idx0813	OG0007035	17325470	17328419	-	NA	0.2403	0.0299	S1c	Silla-v4:chrY:idx1876	391410743	391413352	-
Silla-v4:chrX:idx1904	OG0007363	294305539	294314130	+	NA	0.0188	0.0084	S2b	Silla-v4:chrY:idx1875	391331951	391345213	-
Silla-v4:chrX:idx1172	OG0007225	63170074	63171104	+	NA	0.2504	0.0452	S2b	Silla-v4:chrY:idx1874	391183866	391185364	-
Silla-v4:chrX:idx0165	OG0007083	2945541	2949456	+	NA	0.1308	0.0336	S1a	Silla-v4:chrY:idx1872	390196010	390201089	-
Silla-v4:chrX:idx0333	OG0003399	5655529	5660058	+	DD44X	0.0768	0.0207	S1a	Silla-v4:chrY:idx1820	379849665	379859514	-
Silla-v4:chrX:idx1926	OG0007368	298115220	298118427	-	NA	0.0243	0.0122	S2b	Silla-v4:chrY:idx1805	376556216	376563269	-
Silla-v4:chrX:idx1410	OG0005725	131384807	131388148	-	NA	0.1092	0.0244	S2b	Silla-v4:chrY:idx1787	374676914	374682181	-
Silla-v4:chrX:idx1612	OG0007299	226163360	226171676	-	NA	0.0548	0.0136	S2b	Silla-v4:chrY:idx1761	367100521	367107611	-
Silla-v4:chrX:idx0401	OG0007147	6464038	6469058	+	NA	0.0351	0.0085	S2a	Silla-v4:chrY:idx1742	364168001	364175998	-
Silla-v4:chrX:idx1933	OG0007372	299441550	299449398	-	NA	0.0378	0.009	S2b	Silla-v4:chrY:idx1726	361512596	361521676	-
Silla-v4:chrX:idx1931	OG0007370	299077409	299083419	-	NA	0.0247	0.0069	S2b	Silla-v4:chrY:idx1724	361103959	361110278	-
Silla-v4:chrX:idx3195	OG0022303	341272058	341279533	+	NA	0.0712	0.0205	S2b	Silla-v4:chrY:idx1712	355187607	355189555	-
Silla-v4:chrX:idx0634	OG0022237	11759870	11762402	-	NA	0.2294	0.0385	S1bL	Silla-v4:chrY:idx1670	348764544	348766117	-
Silla-v4:chrX:idx0631	OG0006932	11735652	11745254	-	NA	0.1199	0.0169	S1bL	Silla-v4:chrY:idx1668	348657082	348667466	-
Silla-v4:chrX:idx0610	OG0006936	11359036	11363557	+	NA	0.1012	0.0228	S1bL	Silla-v4:chrY:idx1654	345777085	345787429	-
Silla-v4:chrX:idx1617	OG0005718	231613156	231615238	-	NA	0.0454	0.0133	S2b	Silla-v4:chrY:idx1640	341997551	341999571	-
Silla-v4:chrX:idx1405	OG0015079	130454369	130467796	+	NA	0.1182	0.0195	S2b	Silla-v4:chrY:idx1618	335783881	335790985	-
Silla-v4:chrX:idx0195	OG0007085	3323283	3339605	+	NA	0.0919	0.0136	S1a	Silla-v4:chrY:idx1613	335068247	335096762	-
Silla-v4:chrX:idx0594	OG0006942	10893749	10898952	-	NA	0.084	0.0217	S1bL	Silla-v4:chrY:idx1604	330156207	330159328	-
Silla-v4:chrX:idx0593	OG0006943	10887135	10892877	-	NA	0.0866	0.0223	S1bL	Silla-v4:chrY:idx1602	330014704	330034720	-
Silla-v4:chrX:idx1050	OG0006995	40771304	40773302	+	NA	0.0209	0.0121	S2b	Silla-v4:chrY:idx1594	325953620	325955579	-
Silla-v4:chrX:idx1619	OG0005717	233153176	233157261	+	NA	0.1014	0.0195	S2b	Silla-v4:chrY:idx1578	322566240	322572130	-
Silla-v4:chrX:idx0505	OG0007199	8462228	8466198	-	NA	0.0414	0.0187	S2a	Silla-v4:chrY:idx1537	313684530	313687660	-
Silla-v4:chrX:idx0503	OG0007197	8450835	8455578	-	NA	0.026	0.0131	S2a	Silla-v4:chrY:idx1535	313676120	313680551	-
Silla-v4:chrX:idx0502	OG0007196	8437842	8446326	-	NA	0.0228	0.0051	S2a	Silla-v4:chrY:idx1534	313631747	313639162	-
Silla-v4:chrX:idx0499	OG0007195	8389776	8392436	-	NA	0.0644	0.0132	S2a	Silla-v4:chrY:idx1531	313584981	313588951	-
Silla-v4:chrX:idx0498	OG0007194	8387230	8388987	-	NA	0.0789	0.0171	S2a	Silla-v4:chrY:idx1530	313582399	313584224	-
Silla-v4:chrX:idx0496	OG0007193	8263839	8273152	-	NA	0.0119	0.0045	S2a	Silla-v4:chrY:idx1528	313508387	313518277	-
Silla-v4:chrX:idx0495	OG0007192	8256171	8261222	-	NA	0.03	0.0091	S2a	Silla-v4:chrY:idx1527	313498974	313505303	-
Silla-v4:chrX:idx0491	OG0007190	8190709	8194388	-	NA	0.0568	0.0162	S2a	Silla-v4:chrY:idx1518	313057919	313061378	-
Silla-v4:chrX:idx0489	OG0015036	8179128	8180795	-	NA	0.0422	0.0161	S2a	Silla-v4:chrY:idx1516	313043596	313045147	-
Silla-v4:chrX:idx0486	OG0007187	8103954	8106017	-	NA	0.0878	0.0196	S2a	Silla-v4:chrY:idx1514	312919931	312922075	-
Silla-v4:chrX:idx0478	OG0007186	7925657	7928002	-	NA	0.0435	0.0147	S2a	Silla-v4:chrY:idx1511	312730312	312737185	-
Silla-v4:chrX:idx0476	OG0007185	7910897	7916304	-	NA	0.0227	0.0081	S2a	Silla-v4:chrY:idx1509	312711484	312717666	-
Silla-v4:chrX:idx0475	OG0007184	7902427	7905820	-	NA	0.0532	0.0104	S2a	Silla-v4:chrY:idx1508	312698193	312701959	-
Silla-v4:chrX:idx0474	OG0007183	7865114	7868740	-	NA	0.0219	0.0127	S2a	Silla-v4:chrY:idx1506	311906586	311909360	-
Silla-v4:chrX:idx0472	OG0007182	7805450	7814713	-	NA	0.0122	0.0037	S2a	Silla-v4:chrY:idx1503	311843460	311852523	-
Silla-v4:chrX:idx0467	OG0007176	7750722	7754233	-	NA	0.0515	0.0176	S2a	Silla-v4:chrY:idx1495	311801455	311804687	-
Silla-v4:chrX:idx0456	OG0007168	7566419	7568942	-	NA	0.0711	0.0203	S2a	Silla-v4:chrY:idx1479	311070090	311074194	-
Silla-v4:chrX:idx0454	OG0007166	7561641	7563475	-	E330	0.2079	0.0406	S2a	Silla-v4:chrY:idx1476	311007372	311009666	-
Silla-v4:chrX:idx0451	OG0007165	7510565	7516221	-	NA	0.0324	0.0089	S2a	Silla-v4:chrY:idx1466	310516142	310522159	-
Silla-v4:chrX:idx0450	OG0007164	7505816	7509864	-	NA	0.0553	0.0187	S2a	Silla-v4:chrY:idx1465	310443989	310447839	-
Silla-v4:chrX:idx0185	OG0014933	3164617	3169059	-	NA	0.0742	0.0203	S1a	Silla-v4:chrY:idx1451	309979524	309984728	-
Silla-v4:chrX:idx1458	OG0006972	148295672	148301317	-	NA	0.0747	0.0181	S2b	Silla-v4:chrY:idx1448	309476717	309483452	-
Silla-v4:chrX:idx1497	OG0007239	176123313	176149057	+	NA	0.0474	0.0089	S2b	Silla-v4:chrY:idx1441	305719994	305748748	-
Silla-v4:chrX:idx0926	OG0007014	23633769	23645894	-	NA	0.2266	0.0256	S1c	Silla-v4:chrY:idx1415	301728848	301747037	-
Silla-v4:chrX:idx0345	OG0007134	5769054	5774916	+	NA	0.0925	0.0175	S2a	Silla-v4:chrY:idx1395	298291003	298297325	-
Silla-v4:chrX:idx0346	OG0007135	5776789	5790749	+	NA	0.0661	0.0103	S2a	Silla-v4:chrY:idx1394	298236174	298252998	-
Silla-v4:chrX:idx0347	OG0007136	5790875	5799857	-	NA	0.0549	0.014	S2a	Silla-v4:chrY:idx1390	295714955	295719511	-
Silla-v4:chrX:idx1483	OG0007262	160767505	160775670	-	NA	0.1137	0.0231	S2b	Silla-v4:chrY:idx1383	295417496	295430387	-
Silla-v4:chrX:idx1153	OG0006978	59867856	59873066	+	NA	0.0675	0.0205	S2b	Silla-v4:chrY:idx1341	285340043	285345617	-
Silla-v4:chrX:idx0254	OG0007107	4419461	4426502	+	NA	0.1541	0.0234	S1a	Silla-v4:chrY:idx0006	3396940	3411373	+
Silla-v4:chrX:idx1647	OG0007304	240976103	240977983	-	NA	0.1828	0.0397	S2b	Silla-v4:chrY:idx0016	4422051	4423033	+
Silla-v4:chrX:idx1644	OG0007303	239968288	239971117	-	NA	0.0236	0.0084	S2b	Silla-v4:chrY:idx0020	5052773	5055708	+
Silla-v4:chrX:idx2100	OG0022278	315368650	315372129	+	NA	0.0446	0.0121	S2b	Silla-v4:chrY:idx0034	7260017	7262183	+
Silla-v4:chrX:idx1769	OG0005895	272495612	272498119	+	NA	0.0819	0.018	S2b	Silla-v4:chrY:idx0047	8399641	8401233	+
Silla-v4:chrX:idx1634	OG0007302	239066425	239071979	+	NA	0.0703	0.0115	S2b	Silla-v4:chrY:idx0061	11237286	11242812	+
Silla-v4:chrX:idx0253	OG0007108	4405999	4416025	-	NA	0.1096	0.0144	S1a	Silla-v4:chrY:idx0075	13574275	13597457	+
Silla-v4:chrX:idx1982	OG0007391	306544001	306548446	+	NA	0.0422	0.0168	S2b	Silla-v4:chrY:idx0085	15882716	15887011	+
Silla-v4:chrX:idx1997	OG0007394	307474239	307480683	+	NA	0.0165	0.005	S2b	Silla-v4:chrY:idx0098	17497254	17506943	+
Silla-v4:chrX:idx1892	OG0007358	292520387	292527090	+	NA	0.0161	0.0072	S2b	Silla-v4:chrY:idx0104	18096690	18101801	+
Silla-v4:chrX:idx1899	OG0007361	292688329	292694058	-	NA	0.0173	0.0058	S2b	Silla-v4:chrY:idx0121	20088444	20094952	+
Silla-v4:chrX:idx1883	OG0007356	291403900	291412487	+	NA	0.0312	0.0091	S2b	Silla-v4:chrY:idx0124	20871542	20881193	+
Silla-v4:chrX:idx1901	OG0007362	292951387	292957536	-	NA	0.0969	0.0156	S2b	Silla-v4:chrY:idx0128	20996818	21004365	+
Silla-v4:chrX:idx0013	OG0007052	302370	311698	-	NA	0.1739	0.0327	S1a	Silla-v4:chrY:idx0135	24726027	24742519	+
Silla-v4:chrX:idx0120	OG0007071	2373711	2379090	-	X4	0.2196	0.0315	S1a	Silla-v4:chrY:idx0146	28529400	28535411	+
Silla-v4:chrX:idx1481	OG0022258	160514791	160518865	+	NA	0.0269	0.0084	S2b	Silla-v4:chrY:idx0174	34340181	34343291	+
Silla-v4:chrX:idx0565	OG0007211	10439884	10441847	+	NA	0.0464	0.0179	S1bL	Silla-v4:chrY:idx0186	37221779	37224436	+
Silla-v4:chrX:idx1880	OG0007355	290771552	290777062	-	NA	0.0416	0.0127	S2b	Silla-v4:chrY:idx0193	38804458	38817649	+
Silla-v4:chrX:idx1860	OG0007350	287839504	287846039	+	NA	0.0229	0.0081	S2b	Silla-v4:chrY:idx0198	39473832	39480653	+
Silla-v4:chrX:idx1973	OG0007387	304658947	304664403	-	NA	0.0704	0.0171	S2b	Silla-v4:chrY:idx0211	42874067	42881160	+
Silla-v4:chrX:idx2093	OG0007518	315232057	315237855	+	NA	0.0438	0.0102	S2b	Silla-v4:chrY:idx0229	44998526	45004397	+
Silla-v4:chrX:idx2094	OG0007517	315244622	315248887	+	NA	0.0173	0.0087	S2b	Silla-v4:chrY:idx0230	45041469	45046092	+
Silla-v4:chrX:idx1217	OG0007216	69605689	69614731	-	NA	0.0582	0.0159	S2b	Silla-v4:chrY:idx0299	59778995	59787770	+
Silla-v4:chrX:idx0442	OG0007158	7359852	7363272	+	NA	0.072	0.0184	S2a	Silla-v4:chrY:idx2014	421181306	421184651	+
Silla-v4:chrX:idx1600	OG0007331	222902397	222906286	+	NA	0.1302	0.0232	S2b	Silla-v4:chrY:idx2023	422255940	422265240	+
Silla-v4:chrX:idx1751	OG0007285	267284614	267286961	-	NA	0.141	0.032	S2b	Silla-v4:chrY:idx2030	425743306	425753376	+
Silla-v4:chrX:idx1093	OG0006986	47442303	47455353	-	NA	0.0477	0.0072	S2b	Silla-v4:chrY:idx2042	428149823	428165242	+
Silla-v4:chrX:idx1107	OG0022248	48640381	48644222	-	NA	0.0496	0.029	S2b	Silla-v4:chrY:idx2051	429530416	429533424	+
Silla-v4:chrX:idx1106	OG0006984	48638816	48639667	-	NA	0.049	0.0165	S2b	Silla-v4:chrY:idx2052	429534078	429535050	+
Silla-v4:chrX:idx0545	OG0007204	10069580	10076129	+	NA	0.1193	0.0258	S1bL	Silla-v4:chrY:idx2099	436147584	436154186	+
Silla-v4:chrX:idx0117	OG0007070	2358282	2363037	-	NA	0.2103	0.0485	S1a	Silla-v4:chrY:idx2122	439455641	439459566	+
Silla-v4:chrX:idx1611	OG0007297	225479068	225486142	-	NA	0.042	0.0073	S2b	Silla-v4:chrY:idx2128	440804878	440811693	+
Silla-v4:chrX:idx0959	OG0022245	26139200	26187529	-	NA	0.0493	0.0042	S1c	Silla-v4:chrY:idx2153	446638677	446712503	+
Silla-v4:chrX:idx0719	OG0006916	13988084	13992197	+	NA	0.0371	0.0086	S1bR	Silla-v4:chrY:idx2162	450178377	450183491	+
Silla-v4:chrX:idx0308	OG0007123	5218571	5221845	+	NA	0.1379	0.02	S1a	Silla-v4:chrY:idx2167	452214997	452217860	+
Silla-v4:chrX:idx0310	OG0007122	5222720	5242290	-	NA	0.0665	0.0072	S1a	Silla-v4:chrY:idx2169	452687298	452708034	+
Silla-v4:chrX:idx0019	OG0007054	351956	358923	+	NA	0.0996	0.0198	S1a	Silla-v4:chrY:idx2171	453977709	454003460	+
Silla-v4:chrX:idx2030	OG0007399	310734793	310742019	-	NA	0.0495	0.0149	S2b	Silla-v4:chrY:idx2202	458081364	458088587	+
Silla-v4:chrX:idx0393	OG0007146	6350185	6356116	+	NA	0.1493	0.0183	S2a	Silla-v4:chrY:idx2206	458637000	458643005	+
Silla-v4:chrX:idx1706	OG0007317	257016404	257036313	-	NA	0.077	0.0157	S2b	Silla-v4:chrY:idx2212	459670698	459699340	+
Silla-v4:chrX:idx1704	OG0007316	256645397	256650614	+	NA	0.0926	0.0149	S2b	Silla-v4:chrY:idx2219	460215681	460230815	+
Silla-v4:chrX:idx1527	OG0007327	187671100	187680844	+	NA	0.0434	0.0196	S2b	Silla-v4:chrY:idx2222	460512435	460517926	+
Silla-v4:chrX:idx1386	OG0007230	123315748	123318217	-	NA	0.0633	0.0162	S2b	Silla-v4:chrY:idx2224	460863886	460865913	+
Silla-v4:chrX:idx0211	OG0007093	3528085	3537912	+	NA	0.3733	0.0794	S1a	Silla-v4:chrY:idx2238	462636324	462637733	+
Silla-v4:chrX:idx1376	OG0022253	120983698	120990610	+	NA	0.034	0.0089	S2b	Silla-v4:chrY:idx2250	464280944	464284134	+
Silla-v4:chrX:idx0738	OG0006907	14401184	14406620	-	NA	0.0366	0.014	S1bR	Silla-v4:chrY:idx0345	68930168	68931391	+
Silla-v4:chrX:idx1811	OG0005901	278306681	278320287	-	NA	0.0609	0.016	S2b	Silla-v4:chrY:idx0352	72192376	72204634	+
Silla-v4:chrX:idx0138	OG0007075	2529563	2534804	+	X7	0.1996	0.0304	S1a	Silla-v4:chrY:idx0357	76316843	76320067	+
Silla-v4:chrX:idx0413	OG0007149	6609802	6613866	-	NA	0.0626	0.0157	S2a	Silla-v4:chrY:idx0391	83512171	83516133	+
Silla-v4:chrX:idx0423	OG0007153	6783748	6794328	+	NA	0.0342	0.0046	S2a	Silla-v4:chrY:idx0394	83691732	83701167	+
Silla-v4:chrX:idx0425	OG0007154	6797838	6804645	+	NA	0.041	0.0125	S2a	Silla-v4:chrY:idx0396	83991419	83997786	+
Silla-v4:chrX:idx0428	OG0007155	6891088	6900167	+	NA	0.0639	0.0136	S2a	Silla-v4:chrY:idx0407	84535394	84544501	+
Silla-v4:chrX:idx1466	OG0005737	152118320	152120972	-	NA	0.1252	0.0225	S2b	Silla-v4:chrY:idx0428	91720416	91722157	+
Silla-v4:chrX:idx0268	OG0007110	4699139	4704566	-	X3	0.1522	0.0224	S1a	Silla-v4:chrY:idx0445	96244096	96256260	+
Silla-v4:chrX:idx1279	OG0005735	91511928	91518137	+	NA	0.147	0.0216	S2b	Silla-v4:chrY:idx0469	101426388	101431027	+
Silla-v4:chrX:idx1766	OG0005893	272060847	272085380	-	NA	0.0319	0.0076	S2b	Silla-v4:chrY:idx0476	103366743	103392803	+
Silla-v4:chrX:idx1451	OG0022257	146790878	146794544	+	NA	0.0573	0.0139	S2b	Silla-v4:chrY:idx0483	104565061	104568317	+
Silla-v4:chrX:idx1036	OG0006998	38591081	38595079	-	NA	0.0782	0.0252	S2b	Silla-v4:chrY:idx0486	105359188	105364480	+
Silla-v4:chrX:idx1692	OG0007311	253624393	253633492	-	NA	0.1524	0.0276	S2b	Silla-v4:chrY:idx0488	105785932	105803468	+
Silla-v4:chrX:idx1555	OG0022260	197412330	197422730	-	NA	0.0409	0.012	S2b	Silla-v4:chrY:idx0540	122976580	122986383	-
Silla-v4:chrX:idx1601	OG0007332	223190579	223200629	+	NA	0.208	0.0347	S2b	Silla-v4:chrY:idx0532	121388314	121405271	-
Silla-v4:chrX:idx1493	OG0007606	173716678	173721142	+	NA	0.8809	0.2174	S2b	Silla-v4:chrY:idx0523	117729962	117733434	-
Silla-v4:chrX:idx1161	OG0006975	60797852	60826906	-	NA	0.0348	0.0039	S2b	Silla-v4:chrY:idx0521	117460076	117488332	-
Silla-v4:chrX:idx1801	OG0005903	276672441	276676692	+	NA	0.1377	0.0267	S2b	Silla-v4:chrY:idx0517	115462020	115466713	-
Silla-v4:chrX:idx1694	OG0007312	254207529	254221077	-	NA	0.0317	0.004	S2b	Silla-v4:chrY:idx0516	115175166	115187485	-
Silla-v4:chrX:idx0843	OG0007027	18529170	18531200	+	NA	0.1789	0.0341	S1c	Silla-v4:chrY:idx0498	109074258	109076890	-
Silla-v4:chrX:idx1063	OG0006991	43167304	43169041	-	NA	0.061	0.0155	S2b	Silla-v4:chrY:idx0494	107374691	107376584	-
Silla-v4:chrX:idx1062	OG0006992	43085051	43088958	-	NA	0.0719	0.0168	S2b	Silla-v4:chrY:idx0492	107188317	107192305	-
Silla-v4:chrX:idx0709	OG0006914	13880063	13883532	-	NA	0.059	0.0114	S1bR	Silla-v4:chrY:idx0552	126441726	126445179	+
Silla-v4:chrX:idx1470	OG0005740	153025064	153033686	+	NA	0.0969	0.0213	S2b	Silla-v4:chrY:idx0575	129274019	129288502	+
Silla-v4:chrX:idx0678	OG0006921	13080226	13084319	+	NA	0.2187	0.0404	S1bL	Silla-v4:chrY:idx0581	130568025	130569082	+
Silla-v4:chrX:idx0671	OG0022238	12862815	12865063	-	NA	0.2216	0.0291	S1bL	Silla-v4:chrY:idx0585	130739021	130741161	+
Silla-v4:chrX:idx2046	OG0007407	312525406	312529635	+	NA	0.0159	0.0071	S2b	Silla-v4:chrY:idx0597	134312275	134316557	+
Silla-v4:chrX:idx2047	OG0007408	312552300	312557347	+	NA	0.0166	0.0096	S2b	Silla-v4:chrY:idx0598	134328886	134334578	+
Silla-v4:chrX:idx2048	OG0007409	312558319	312561456	+	NA	0.0707	0.0214	S2b	Silla-v4:chrY:idx0599	134336499	134339135	+
Silla-v4:chrX:idx2049	OG0007328	312561594	312564243	+	E316	0.0705	0.0156	S2b	Silla-v4:chrY:idx0600	134347034	134349344	+
Silla-v4:chrX:idx2050	OG0007410	312570020	312576400	+	NA	0.0424	0.0107	S2b	Silla-v4:chrY:idx0601	134445706	134452470	+
Silla-v4:chrX:idx2052	OG0022276	312871196	312878851	+	NA	0.0574	0.0176	S2b	Silla-v4:chrY:idx0604	134941371	134949100	+
Silla-v4:chrX:idx1980	OG0007390	306394380	306404769	+	NA	0.0133	0.0077	S2b	Silla-v4:chrY:idx0607	135267008	135271449	+
Silla-v4:chrX:idx2008	OG0022274	308097344	308099719	-	NA	0.0598	0.0163	S2b	Silla-v4:chrY:idx0609	135334263	135336482	+
Silla-v4:chrX:idx1666	OG0007315	247109545	247119068	-	NA	0.0306	0.008	S2b	Silla-v4:chrY:idx0615	136681316	136691943	+
Silla-v4:chrX:idx2122	OG0007507	316361744	316362259	+	NA	0.094	0.0394	S2b	Silla-v4:chrY:idx0628	137981770	137982222	+
Silla-v4:chrX:idx2123	OG0022280	316476639	316482000	+	NA	0.0769	0.0215	S2b	Silla-v4:chrY:idx0629	138161114	138181044	+
Silla-v4:chrX:idx2124	OG0007506	316482985	316484220	+	NA	0.1458	0.0323	S2b	Silla-v4:chrY:idx0630	138221008	138221769	+
Silla-v4:chrX:idx2125	OG0007505	316528336	316529457	+	NA	0.0513	0.0214	S2b	Silla-v4:chrY:idx0631	138228444	138229540	+
Silla-v4:chrX:idx2128	OG0007503	316543069	316546923	+	NA	0.0854	0.0144	S2b	Silla-v4:chrY:idx0634	138279506	138294455	+
Silla-v4:chrX:idx2131	OG0007502	316758115	316764019	+	NA	0.0559	0.011	S2b	Silla-v4:chrY:idx0637	138556239	138562170	+
Silla-v4:chrX:idx2132	OG0007501	316789380	316796475	+	NA	0.0104	0.0043	S2b	Silla-v4:chrY:idx0640	138727532	138734755	+
Silla-v4:chrX:idx2076	OG0007499	314303161	314307957	+	NA	0.0262	0.0076	S2b	Silla-v4:chrY:idx0646	139035363	139040432	+
Silla-v4:chrX:idx0320	OG0007119	5364644	5371563	-	NA	0.0301	0.0073	S1a	Silla-v4:chrY:idx0661	140545161	140551748	+
Silla-v4:chrX:idx2085	OG0007496	314598087	314601979	+	NA	0.0995	0.0153	S2b	Silla-v4:chrY:idx0668	140879751	140892152	+
Silla-v4:chrX:idx2087	OG0007495	314722530	314729263	+	NA	0.1248	0.0155	S2b	Silla-v4:chrY:idx0670	141118684	141140825	+
Silla-v4:chrX:idx2114	OG0007510	316059836	316061577	-	NA	0.0683	0.0213	S2b	Silla-v4:chrY:idx0678	142678520	142680260	+
Silla-v4:chrX:idx2113	OG0007511	315951457	315964387	-	NA	0.0084	0.0042	S2b	Silla-v4:chrY:idx0679	142743574	142756821	+
Silla-v4:chrX:idx2111	OG0007512	315862588	315868673	-	NA	0.0645	0.0134	S2b	Silla-v4:chrY:idx0680	142820756	142826633	+
Silla-v4:chrX:idx1413	OG0022255	132774959	132785646	-	NA	0.0699	0.0139	S2b	Silla-v4:chrY:idx0689	145247380	145257173	+
Silla-v4:chrX:idx0768	OG0006898	15161962	15165922	-	NA	0.0551	0.0123	S1bR	Silla-v4:chrY:idx0706	150477254	150491812	+
Silla-v4:chrX:idx0767	OG0006899	15159146	15160813	-	NA	0.05	0.0153	S1bR	Silla-v4:chrY:idx0707	150534945	150536672	+
Silla-v4:chrX:idx0764	OG0006900	15109439	15112229	-	NA	0.0568	0.0096	S1bR	Silla-v4:chrY:idx0710	150811740	150814524	+
Silla-v4:chrX:idx0758	OG0006902	15052496	15055395	-	NA	0.0953	0.0129	S1bR	Silla-v4:chrY:idx0723	151358819	151361721	+
Silla-v4:chrX:idx0367	OG0007140	5924774	5930685	+	NA	0.0828	0.0302	S2a	Silla-v4:chrY:idx0729	154094617	154101020	+
Silla-v4:chrX:idx0306	OG0007125	5205752	5212848	+	NA	0.1096	0.0173	S1a	Silla-v4:chrY:idx0734	154874988	154881926	+
Silla-v4:chrX:idx1961	OG0007383	302405224	302412626	+	NA	0.0884	0.0119	S2b	Silla-v4:chrY:idx0736	156516341	156520934	+
Silla-v4:chrX:idx1260	OG0006967	82195883	82216071	-	NA	0.0381	0.0082	S2b	Silla-v4:chrY:idx0753	159043003	159066620	+
Silla-v4:chrX:idx0599	OG0006940	11080053	11080745	+	NA	0.0618	0.021	S1bL	Silla-v4:chrY:idx0778	165736878	165737715	+
Silla-v4:chrX:idx0224	OG0007106	3868561	3870767	+	NA	0.1574	0.0404	S1a	Silla-v4:chrY:idx0792	167548212	167550572	+
Silla-v4:chrX:idx1284	OG0006969	93765402	93769164	+	NA	0.0773	0.0203	S2b	Silla-v4:chrY:idx0812	170335568	170343277	+
Silla-v4:chrX:idx1947	OG0007378	301513816	301520494	-	NA	0.0175	0.0079	S2b	Silla-v4:chrY:idx0822	171753546	171767225	+
Silla-v4:chrX:idx1438	OG0006973	138277886	138280617	+	NA	0.1776	0.0488	S2b	Silla-v4:chrY:idx0825	172115921	172117181	+
Silla-v4:chrX:idx1950	OG0007380	301786835	301793526	+	NA	0.0378	0.011	S2b	Silla-v4:chrY:idx0835	173205223	173217809	+
Silla-v4:chrX:idx1707	OG0007320	258065218	258068889	+	NA	0.0568	0.01	S2b	Silla-v4:chrY:idx0846	175184862	175188345	+
Silla-v4:chrX:idx0059	OG0007063	1275163	1282856	-	NA	0.1791	0.0242	S1a	Silla-v4:chrY:idx0888	181821156	181831526	+
Silla-v4:chrX:idx0912	OG0007018	22748638	22753086	-	NA	0.1345	0.0251	S1c	Silla-v4:chrY:idx0870	179038524	179041956	-
Silla-v4:chrX:idx0240	OG0007101	3979157	3982262	-	NA	0.3884	0.1032	S1a	Silla-v4:chrY:idx0866	177775788	177777250	-
Silla-v4:chrX:idx1709	OG0002616	258392739	258399642	-	E162	0.066	0.0127	S2b	Silla-v4:chrY:idx0847	175427412	175434448	-
Silla-v4:chrX:idx1660	OG0007321	244110837	244118538	+	NA	0.031	0.0099	S2b	Silla-v4:chrY:idx0845	174799239	174805194	-
Silla-v4:chrX:idx1577	OG0007330	216120322	216124299	+	NA	0.0457	0.0109	S2b	Silla-v4:chrY:idx0842	173854545	173858975	-
Silla-v4:chrX:idx1951	OG0022271	301891575	301896523	-	NA	0.0836	0.0188	S2b	Silla-v4:chrY:idx0836	173367949	173374043	-
Silla-v4:chrX:idx1949	OG0007379	301746861	301760364	+	NA	0.0619	0.015	S2b	Silla-v4:chrY:idx0834	172963239	172988457	-
Silla-v4:chrX:idx1282	OG0006970	92525214	92530757	-	NA	0.0756	0.0199	S2b	Silla-v4:chrY:idx0811	170242326	170258141	-
Silla-v4:chrX:idx0676	OG0006922	12953191	12955784	+	NA	0.2171	0.0262	S1bL	Silla-v4:chrY:idx0802	168870012	168887507	-
Silla-v4:chrX:idx0225	OG0007103	3881919	3887532	-	NA	0.1059	0.0187	S1a	Silla-v4:chrY:idx0800	168520884	168526096	-
Silla-v4:chrX:idx0601	OG0006939	11091462	11092577	-	NA	0.1711	0.031	S1bL	Silla-v4:chrY:idx0782	165845064	165846779	-
Silla-v4:chrX:idx0910	OG0007019	22722915	22729956	+	NA	0.1372	0.0202	S1c	Silla-v4:chrY:idx0773	164701719	164720840	-
Silla-v4:chrX:idx0277	OG0007113	4804797	4812383	+	NA	0.0793	0.0121	S1a	Silla-v4:chrY:idx0743	157683234	157692420	-
Silla-v4:chrX:idx0759	OG0006901	15074962	15080069	+	NA	0.0921	0.0171	S1bR	Silla-v4:chrY:idx0722	151350799	151357045	-
Silla-v4:chrX:idx0766	OG0022240	15155572	15159047	+	NA	0.0412	0.0112	S1bR	Silla-v4:chrY:idx0708	150536814	150540560	-
Silla-v4:chrX:idx0029	OG0007056	734654	741209	+	NA	0.1234	0.0229	S1a	Silla-v4:chrY:idx0702	148013592	148027279	-
Silla-v4:chrX:idx0030	OG0007057	741577	742667	+	NA	0.2127	0.0478	S1a	Silla-v4:chrY:idx0701	148006378	148012340	-
Silla-v4:chrX:idx1276	OG0015080	90470174	90470883	-	NA	0.0818	0.0297	S2b	Silla-v4:chrY:idx0683	143429711	143430324	-
Silla-v4:chrX:idx2110	OG0007513	315855370	315860304	+	NA	0.0377	0.0098	S2b	Silla-v4:chrY:idx0681	142838562	142849618	-
Silla-v4:chrX:idx0318	OG0007120	5342000	5347124	+	NA	0.0422	0.0098	S1a	Silla-v4:chrY:idx0663	140561679	140566751	-
Silla-v4:chrX:idx2078	OG0007497	314338651	314350706	-	NA	0.0034	0.0024	S2b	Silla-v4:chrY:idx0648	139184385	139195457	-
Silla-v4:chrX:idx2135	OG0022281	316806501	316807689	-	NA	0.0439	0.0163	S2b	Silla-v4:chrY:idx0642	138791004	138792039	-
Silla-v4:chrX:idx2127	OG0007504	316532772	316536472	-	NA	0.0529	0.0191	S2b	Silla-v4:chrY:idx0633	138234829	138238038	-
Silla-v4:chrX:idx2118	OG0007508	316185313	316190448	-	NA	0.0328	0.0104	S2b	Silla-v4:chrY:idx0623	137813295	137818841	-
Silla-v4:chrX:idx2115	OG0007509	316147834	316151029	-	NA	0.0561	0.0147	S2b	Silla-v4:chrY:idx0620	137703149	137706469	-
Silla-v4:chrX:idx1965	OG0007385	302972897	302976839	-	NA	0.0455	0.0174	S2b	Silla-v4:chrY:idx0616	136990187	136994769	-
Silla-v4:chrX:idx2053	OG0007411	312879469	312883460	-	NA	0.0914	0.0192	S2b	Silla-v4:chrY:idx0605	134951205	134952833	-
Silla-v4:chrX:idx0940	OG0007012	24377344	24380403	+	NA	0.1221	0.0251	S1c	Silla-v4:chrY:idx0590	131689320	131693074	-
Silla-v4:chrX:idx0646	OG0006928	12000088	12005942	+	NA	0.2281	0.0297	S1bL	Silla-v4:chrY:idx0579	129882018	129887894	-
Silla-v4:chrX:idx0007	OG0007046	110482	114343	-	NA	0.2046	0.0186	S1a	Silla-v4:chrY:idx0563	128350026	128354227	-
Silla-v4:chrX:idx1060	OG0006994	43037848	43040846	+	NA	0.0872	0.0257	S2b	Silla-v4:chrY:idx0490	106769859	106772260	+
Silla-v4:chrX:idx1061	OG0006993	43047098	43049415	+	NA	0.0565	0.0154	S2b	Silla-v4:chrY:idx0491	106957662	106959926	+
Silla-v4:chrX:idx1152	OG0006977	59483584	59489012	-	NA	0.0653	0.0117	S2b	Silla-v4:chrY:idx0509	113730375	113738926	+
Silla-v4:chrX:idx1558	OG0007334	198013799	198020071	+	NA	0.0801	0.0189	S2b	Silla-v4:chrY:idx0524	119610140	119614762	+
Silla-v4:chrX:idx1551	OG0007333	196574472	196578890	+	NA	0.0631	0.0172	S2b	Silla-v4:chrY:idx0533	122367228	122379025	+
Silla-v4:chrX:idx1034	OG0006999	38582009	38587894	+	NA	0.0454	0.0133	S2b	Silla-v4:chrY:idx0480	104220040	104227018	-
Silla-v4:chrX:idx0325	OG0007118	5397068	5401119	+	NA	0.1443	0.0278	S1a	Silla-v4:chrY:idx0467	100796116	100805973	-
Silla-v4:chrX:idx0150	OG0007080	2724249	2730144	-	NA	0.1178	0.0238	S1a	Silla-v4:chrY:idx0453	98438479	98447286	-
Silla-v4:chrX:idx0429	OG0007156	6908430	6913264	-	NA	0.0235	0.0089	S2a	Silla-v4:chrY:idx0408	84754967	84760475	-
Silla-v4:chrX:idx0422	OG0007152	6655993	6663656	-	NA	0.0551	0.0133	S2a	Silla-v4:chrY:idx0393	83621390	83629706	-
Silla-v4:chrX:idx0414	OG0007150	6617692	6624371	+	NA	0.0678	0.0115	S2a	Silla-v4:chrY:idx0387	83289448	83298588	-
Silla-v4:chrX:idx0418	OG0007151	6640600	6649763	+	NA	0.0239	0.0064	S2a	Silla-v4:chrY:idx0384	83185447	83192189	-
Silla-v4:chrX:idx0648	OG0006927	12025543	12031455	-	NA	0.1672	0.0169	S1bL	Silla-v4:chrY:idx0349	70521051	70526822	-
Silla-v4:chrX:idx1350	OG0006962	114315658	114320413	-	NA	0.0683	0.0139	S2b	Silla-v4:chrY:idx0347	69513164	69536913	-
Silla-v4:chrX:idx1809	OG0005902	277549816	277570695	+	NA	0.0419	0.0088	S2b	Silla-v4:chrY:idx0324	63495080	63516183	-
Silla-v4:chrX:idx1747	OG0007286	265870600	265881631	-	NA	0.0353	0.0075	S2b	Silla-v4:chrY:idx2247	463523485	463533768	-
Silla-v4:chrX:idx1443	OG0005741	142746103	142759639	+	NA	0.0603	0.0114	S2b	Silla-v4:chrY:idx2244	463109444	463143045	-
Silla-v4:chrX:idx0213	OG0007092	3543458	3545767	-	NA	0.0816	0.0215	S1a	Silla-v4:chrY:idx2240	462756937	462759061	-
Silla-v4:chrX:idx1742	OG0007288	264694658	264706894	+	NA	0.0341	0.0094	S2b	Silla-v4:chrY:idx2235	462392148	462413177	-
Silla-v4:chrX:idx0639	OG0006930	11888436	11893100	+	NA	0.1936	0.0249	S1bL	Silla-v4:chrY:idx2229	461807098	461812731	-
Silla-v4:chrX:idx0290	OG0007116	4893718	4905707	+	NA	0.1229	0.022	S1a	Silla-v4:chrY:idx2228	461342402	461352895	-
Silla-v4:chrX:idx1187	OG0007223	65605937	65610018	-	NA	0.0258	0.0122	S2b	Silla-v4:chrY:idx2227	461114043	461118788	-
Silla-v4:chrX:idx2031	OG0007401	311157000	311159315	-	NA	0.0332	0.0101	S2b	Silla-v4:chrY:idx2205	458197080	458199043	-
Silla-v4:chrX:idx2028	OG0007400	310718547	310721742	+	NA	0.0832	0.0165	S2b	Silla-v4:chrY:idx2204	458100366	458119158	-
Silla-v4:chrX:idx0288	OG0007115	4876779	4884176	+	NA	0.0977	0.0168	S1a	Silla-v4:chrY:idx2182	456008434	456021472	-
Silla-v4:chrX:idx0287	OG0007114	4863947	4872450	-	NA	0.0645	0.0166	S1a	Silla-v4:chrY:idx2177	455264396	455276078	-
Silla-v4:chrX:idx0874	OG0022242	19922916	19927477	+	NA	0.101	0.0164	S1c	Silla-v4:chrY:idx2146	445523568	445528678	-
Silla-v4:chrX:idx0884	OG0007024	20371621	20375256	-	NA	0.1103	0.0197	S1c	Silla-v4:chrY:idx2145	445405444	445414571	-
Silla-v4:chrX:idx0579	OG0006949	10715655	10724656	-	SlCypX	0.0756	0.0136	S1bL	Silla-v4:chrY:idx2144	444507627	444517405	-
Silla-v4:chrX:idx0585	OG0006946	10833582	10839855	+	X9	0.1199	0.0345	S1bL	Silla-v4:chrY:idx2137	443020285	443022804	-
Silla-v4:chrX:idx0586	OG0006945	10840132	10841566	+	NA	0.1074	0.0261	S1bL	Silla-v4:chrY:idx2136	443000159	443001800	-
Silla-v4:chrX:idx0587	OG0006944	10848198	10851366	+	NA	0.092	0.0186	S1bL	Silla-v4:chrY:idx2135	442898389	442901447	-
Silla-v4:chrX:idx1336	OG0006957	107792441	107798877	-	NA	0.0619	0.013	S2b	Silla-v4:chrY:idx2119	438916847	438932925	-
Silla-v4:chrX:idx1328	OG0006955	106642397	106648885	-	NA	0.0997	0.0267	S2b	Silla-v4:chrY:idx2110	438002009	438016337	-
Silla-v4:chrX:idx0546	OG0007205	10077888	10082737	-	NA	0.1415	0.0188	S1bL	Silla-v4:chrY:idx2100	436209350	436213977	-
Silla-v4:chrX:idx0540	OG0002605	9976636	9984701	-	Y1	0.0401	0.0108	S2a	Silla-v4:chrY:idx2095	435238746	435246841	-
Silla-v4:chrX:idx0538	OG0007203	9962654	9963984	-	NA	0.0186	0.0132	S2a	Silla-v4:chrY:idx2091	435182885	435184282	-
Silla-v4:chrX:idx0193	OG0007086	3291608	3301590	+	NA	0.0717	0.0082	S1a	Silla-v4:chrY:idx2090	434558006	434567718	-
Silla-v4:chrX:idx1958	OG0007382	302318759	302336173	+	NA	0.0705	0.0157	S2b	Silla-v4:chrY:idx2070	431227477	431239924	-
Silla-v4:chrX:idx0446	OG0007161	7427353	7431086	-	NA	0.0294	0.0057	S2a	Silla-v4:chrY:idx2018	421337581	421341282	-
Silla-v4:chrX:idx0445	OG0007160	7379247	7384836	-	NA	0.0569	0.0161	S2a	Silla-v4:chrY:idx2017	421284157	421289770	-
Silla-v4:chrX:idx0441	OG0007157	7284776	7304729	-	NA	0.0372	0.0066	S2a	Silla-v4:chrY:idx2013	421021543	421064613	-
Silla-v4:chrX:idx1519	OG0022259	184411161	184438003	-	NA	0.0564	0.0114	S2b	Silla-v4:chrY:idx0301	60989152	61003110	-
Silla-v4:chrX:idx1722	OG0007329	261563266	261574840	+	NA	0.0354	0.0064	S2b	Silla-v4:chrY:idx0288	56442299	56453611	-
Silla-v4:chrX:idx0785	OG0007042	15830480	15837728	+	NA	0.056	0.0148	S1c	Silla-v4:chrY:idx0284	55290226	55297011	-
Silla-v4:chrX:idx0170	OG0007090	3072022	3073763	-	NA	0.3849	0.0499	S1a	Silla-v4:chrY:idx0270	52422951	52424593	-
Silla-v4:chrX:idx1409	OG0005726	131379921	131382991	+	NA	0.0654	0.0104	S2b	Silla-v4:chrY:idx0250	49601130	49604397	-
Silla-v4:chrX:idx2099	OG0007516	315260287	315265033	-	NA	0.098	0.0253	S2b	Silla-v4:chrY:idx0234	45117697	45123374	-
Silla-v4:chrX:idx1978	OG0007389	305588666	305597828	-	NA	0.0348	0.0093	S2b	Silla-v4:chrY:idx0216	43584666	43594610	-
Silla-v4:chrX:idx1977	OG0007388	305562118	305567355	-	NA	0.0354	0.0136	S2b	Silla-v4:chrY:idx0215	43578281	43583639	-
Silla-v4:chrX:idx1866	OG0007353	289522009	289526066	-	NA	0.0495	0.014	S2b	Silla-v4:chrY:idx0205	41893492	41897567	-
Silla-v4:chrX:idx1861	OG0007351	287848674	287850892	-	NA	0.0308	0.0098	S2b	Silla-v4:chrY:idx0199	39571247	39575019	-
Silla-v4:chrX:idx1831	OG0005909	282129418	282140491	-	NA	0.055	0.0139	S2b	Silla-v4:chrY:idx0156	32678914	32689435	-
Silla-v4:chrX:idx0012	OG0007051	297004	299290	+	NA	0.2012	0.0443	S1a	Silla-v4:chrY:idx0140	26411948	26415142	-
Silla-v4:chrX:idx1570	OG0005702	210791612	210797353	+	NA	0.1056	0.0195	S2b	Silla-v4:chrY:idx0130	23220192	23223000	-
Silla-v4:chrX:idx1884	OG0007357	291413604	291419723	-	NA	0.4103	0.0653	S2b	Silla-v4:chrY:idx0125	20897223	20901247	-
Silla-v4:chrX:idx1898	OG0007360	292686535	292688323	+	NA	0.0852	0.021	S2b	Silla-v4:chrY:idx0122	20095147	20096591	-
Silla-v4:chrX:idx1894	OG0007359	292538622	292544128	-	NA	0.0499	0.0128	S2b	Silla-v4:chrY:idx0108	18292323	18300876	-
Silla-v4:chrX:idx1998	OG0022273	307702063	307704387	-	NA	0.0386	0.0138	S2b	Silla-v4:chrY:idx0099	17756289	17757456	-
Silla-v4:chrX:idx1996	OG0007393	307461435	307465563	-	NA	0.0327	0.0148	S2b	Silla-v4:chrY:idx0097	17372474	17376510	-
Silla-v4:chrX:idx1111	OG0022249	49682649	49695909	+	NA	0.111	0.0443	S2b	Silla-v4:chrY:idx0095	16674766	16675775	-
Silla-v4:chrX:idx1991	OG0007392	307267441	307271775	-	NA	0.0115	0.0052	S2b	Silla-v4:chrY:idx0092	16540815	16544454	-
Silla-v4:chrX:idx1636	OG0007301	239141547	239150118	-	NA	0.0727	0.0188	S2b	Silla-v4:chrY:idx0062	11410509	11428273	-
Silla-v4:chrX:idx1846	OG0005912	286113316	286123594	+	NA	0.0428	0.0091	S2b	Silla-v4:chrY:idx0056	10482473	10490891	-
Silla-v4:chrX:idx1964	OG0007384	302904118	302907441	+	NA	0.1309	0.0224	S2b	Silla-v4:chrY:idx0052	9711111	9716251	-
Silla-v4:chrX:idx1770	OG0005896	272497825	272500200	-	NA	0.1445	0.0288	S2b	Silla-v4:chrY:idx0048	8403183	8405088	-
Silla-v4:chrX:idx1768	OG0005894	272480905	272491662	-	NA	0.0595	0.0113	S2b	Silla-v4:chrY:idx0041	7640590	7653038	-
Silla-v4:chrX:idx2109	OG0007514	315593397	315594866	-	NA	0.0116	0.0117	S2b	Silla-v4:chrY:idx0040	7485379	7486861	-
Silla-v4:chrX:idx2106	OG0007515	315564071	315568147	-	NA	0.0207	0.0085	S2b	Silla-v4:chrY:idx0038	7443426	7447449	-
Silla-v4:chrX:idx1477	OG0007258	156650480	156662118	+	NA	0.0296	0.0055	S2b	Silla-v4:chrY:idx0029	6292773	6303877	-
Silla-v4:chrX:idx1472	OG0007259	153568086	153574201	+	NA	0.102	0.0231	S2b	Silla-v4:chrY:idx0028	6129693	6145215	-
Silla-v4:chrX:idx0841	OG0007026	18472323	18477464	+	NA	0.1845	0.0393	S1c	Silla-v4:chrY:idx0026	5760749	5769915	-
Silla-v4:chrX:idx2073	OG0007483	314106959	314111134	+	NA	0.064	0.0087	S2b	Silla-v4:chrY:idx0002	204989	209237	-
Silla-v4:chrX:idx0005	OG0007047	74586	78432	+	NA	0.1128	0.0152	S1a	Silla-v4:chrY:idx1350	287459372	287463281	+
Silla-v4:chrX:idx0904	OG0022243	21967218	21968615	+	NA	0.03	0.0119	S1c	Silla-v4:chrY:idx1387	295607593	295609198	+
Silla-v4:chrX:idx0895	OG0007021	20868952	20871632	-	NA	0.1547	0.0317	S1c	Silla-v4:chrY:idx1391	296282584	296285317	+
Silla-v4:chrX:idx0927	OG0007013	23647701	23653639	-	NA	0.0839	0.0144	S1c	Silla-v4:chrY:idx1407	300198332	300208188	+
Silla-v4:chrX:idx0923	OG0007015	23621436	23628522	+	NA	0.1375	0.0301	S1c	Silla-v4:chrY:idx1414	301509666	301513079	+
Silla-v4:chrX:idx1320	OG0006954	105332498	105337033	-	NA	0.0454	0.0265	S2b	Silla-v4:chrY:idx1427	303685292	303693925	+
Silla-v4:chrX:idx1316	OG0006953	103637894	103639492	+	NA	0.1344	0.0203	S2b	Silla-v4:chrY:idx1428	304002947	304004521	+
Silla-v4:chrX:idx1457	OG0006971	148250356	148258350	+	NA	0.0398	0.0095	S2b	Silla-v4:chrY:idx1447	309438724	309444394	+
Silla-v4:chrX:idx0447	OG0007162	7459148	7460115	+	NA	0.1008	0.0268	S2a	Silla-v4:chrY:idx1462	310326643	310327780	+
Silla-v4:chrX:idx0449	OG0007163	7497140	7505789	+	NA	0.0285	0.0074	S2a	Silla-v4:chrY:idx1464	310435464	310444004	+
Silla-v4:chrX:idx0455	OG0007167	7564041	7564969	+	NA	0.102	0.0293	S2a	Silla-v4:chrY:idx1478	311038677	311039487	+
Silla-v4:chrX:idx0460	OG0007169	7653314	7654668	+	NA	0.1561	0.0372	S2a	Silla-v4:chrY:idx1485	311546515	311547724	+
Silla-v4:chrX:idx0461	OG0007170	7657981	7663862	+	NA	0.0374	0.0107	S2a	Silla-v4:chrY:idx1486	311584520	311592335	+
Silla-v4:chrX:idx0462	OG0007171	7666923	7670021	+	NA	0.0847	0.0119	S2a	Silla-v4:chrY:idx1488	311619835	311623176	+
Silla-v4:chrX:idx0463	OG0007173	7717656	7720992	+	NA	0.0664	0.0163	S2a	Silla-v4:chrY:idx1491	311752248	311758195	+
Silla-v4:chrX:idx0465	OG0007174	7730932	7736103	+	NA	0.0331	0.0106	S2a	Silla-v4:chrY:idx1493	311781719	311786504	+
Silla-v4:chrX:idx0466	OG0007175	7740720	7748284	+	NA	0.0162	0.0054	S2a	Silla-v4:chrY:idx1494	311791472	311798955	+
Silla-v4:chrX:idx0468	OG0007177	7756150	7757144	+	NA	0	0	S2a	Silla-v4:chrY:idx1496	311807136	311808530	+
Silla-v4:chrX:idx0469	OG0007179	7775147	7776192	+	NA	0.0235	0.0106	S2a	Silla-v4:chrY:idx1498	311815234	311816318	+
Silla-v4:chrX:idx0470	OG0007180	7783644	7791929	+	NA	0.0219	0.0048	S2a	Silla-v4:chrY:idx1501	311830237	311839085	+
Silla-v4:chrX:idx0471	OG0007181	7803355	7805064	+	NA	0.064	0.0119	S2a	Silla-v4:chrY:idx1502	311841473	311843200	+
Silla-v4:chrX:idx0490	OG0007189	8182292	8190599	+	NA	0.0262	0.0106	S2a	Silla-v4:chrY:idx1517	313049144	313057812	+
Silla-v4:chrX:idx0492	OG0007191	8197574	8207945	+	NA	0.0426	0.0107	S2a	Silla-v4:chrY:idx1519	313074082	313081513	+
Silla-v4:chrX:idx0506	OG0007200	8467166	8469975	+	NA	0.0717	0.0242	S2a	Silla-v4:chrY:idx1539	313706553	313709447	+
Silla-v4:chrX:idx0515	OG0022234	9027383	9034148	+	NA	0.0037	0.0037	S2a	Silla-v4:chrY:idx1549	314513084	314517155	+
Silla-v4:chrX:idx0532	OG0007201	9921487	9929405	+	NA	0.1321	0.0174	S2a	Silla-v4:chrY:idx1551	314564423	314593150	+
Silla-v4:chrX:idx0534	OG0007202	9932286	9935357	+	NA	0.0463	0.0115	S2a	Silla-v4:chrY:idx1553	314598117	314599512	+
Silla-v4:chrX:idx1523	OG0005743	185941089	185961153	-	NA	0.1083	0.0194	S2b	Silla-v4:chrY:idx1572	320654854	320668088	+
Silla-v4:chrX:idx0746	OG0006906	14526678	14529612	-	NA	0.0231	0.0104	S1bR	Silla-v4:chrY:idx1573	321290067	321308303	+
Silla-v4:chrX:idx0687	OG0006919	13336931	13343544	+	NA	0.0664	0.0105	S1bL	Silla-v4:chrY:idx1585	325002372	325014189	+
Silla-v4:chrX:idx0856	OG0007029	19028096	19045938	-	NA	0.1155	0.0171	S1c	Silla-v4:chrY:idx1600	329565774	329575558	+
Silla-v4:chrX:idx0355	OG0007137	5837465	5840728	-	NA	0.1552	0.0215	S2a	Silla-v4:chrY:idx1611	332237833	332245576	+
Silla-v4:chrX:idx1188	OG0007221	65784348	65791179	+	NA	0.0458	0.0099	S2b	Silla-v4:chrY:idx1624	336802604	336809763	+
Silla-v4:chrX:idx0199	OG0007095	3434312	3436161	-	NA	0.2662	0.0368	S1a	Silla-v4:chrY:idx1626	338151863	338154017	+
Silla-v4:chrX:idx0630	OG0006933	11734229	11736401	+	NA	0.0318	0.0102	S1bL	Silla-v4:chrY:idx1667	348655684	348657844	+
Silla-v4:chrX:idx1238	OG0007215	72134901	72148668	+	NA	0.051	0.0083	S2b	Silla-v4:chrY:idx1694	352787474	352803595	+
Silla-v4:chrX:idx1932	OG0007371	299435049	299438616	+	NA	0.0538	0.0128	S2b	Silla-v4:chrY:idx1725	361454807	361458416	+
Silla-v4:chrX:idx0575	OG0006950	10602363	10610104	+	NA	0.0364	0.0152	S1bL	Silla-v4:chrY:idx1740	363642155	363651401	+
Silla-v4:chrX:idx1658	OG0007298	242801834	242805270	+	NA	0.0559	0.02	S2b	Silla-v4:chrY:idx1760	367073599	367076763	+
Silla-v4:chrX:idx1783	OG0005908	274279666	274285104	-	NA	0.042	0.009	S2b	Silla-v4:chrY:idx1763	367561030	367566131	+
Silla-v4:chrX:idx1022	OG0007003	36776284	36780694	+	NA	0.1274	0.0157	S2b	Silla-v4:chrY:idx1775	371719840	371724890	+
Silla-v4:chrX:idx0001	OG0007049	48638	53196	-	E707	0.1353	0.0265	S1a	Silla-v4:chrY:idx1779	373368070	373373384	+
Silla-v4:chrX:idx1915	OG0007367	297233582	297235964	+	NA	0.0925	0.0178	S2b	Silla-v4:chrY:idx1792	375505121	375507291	+
Silla-v4:chrX:idx0615	OG0006935	11479377	11484761	+	NA	0.1934	0.0317	S1bL	Silla-v4:chrY:idx1811	378166156	378170699	+
Silla-v4:chrX:idx1905	OG0007364	294824466	294829550	+	NA	0.0519	0.0097	S2b	Silla-v4:chrY:idx1825	382099916	382114967	+
Silla-v4:chrX:idx0943	OG0007011	24391147	24394865	+	NA	0.1787	0.0231	S1c	Silla-v4:chrY:idx1838	384667853	384672413	+
Silla-v4:chrX:idx1263	OG0006968	83305591	83310750	+	NA	0.0407	0.0107	S2b	Silla-v4:chrY:idx1839	385410918	385416236	+
Silla-v4:chrX:idx1678	OG0007309	251751150	251762547	+	NA	0.0549	0.0161	S2b	Silla-v4:chrY:idx1848	387504946	387514597	+
Silla-v4:chrX:idx0892	OG0007023	20765400	20771561	-	NA	0.1279	0.0449	S1c	Silla-v4:chrY:idx1852	388000138	388008997	+
Silla-v4:chrX:idx0729	OG0006908	14182971	14186443	-	NA	0.0227	0.0114	S1bR	Silla-v4:chrY:idx1859	389065721	389069290	+
Silla-v4:chrX:idx1016	OG0007004	36564479	36567864	+	NA	0.2304	0.0478	S1c	Silla-v4:chrY:idx1885	392386456	392404727	+
Silla-v4:chrX:idx0604	OG0006938	11146029	11152810	-	NA	0.1079	0.0132	S1bL	Silla-v4:chrY:idx1891	394083940	394099513	+
Silla-v4:chrX:idx2655	OG0003387	332410782	332416677	-	X6b	0.0456	0.0164	S2b	Silla-v4:chrY:idx1894	394373065	394379799	+
Silla-v4:chrX:idx0126	OG0007072	2423607	2428619	-	NA	0.0643	0.0218	S1a	Silla-v4:chrY:idx1898	394394879	394399675	+
Silla-v4:chrX:idx0365	OG0007139	5915064	5916744	+	NA	0.1188	0.0261	S2a	Silla-v4:chrY:idx1907	396476780	396478459	+
Silla-v4:chrX:idx1374	OG0007231	120070702	120078728	+	NA	0.0349	0.0094	S2b	Silla-v4:chrY:idx1944	404560408	404570560	+
Silla-v4:chrX:idx0916	OG0007016	22878250	22883724	-	NA	0.1333	0.0251	S1c	Silla-v4:chrY:idx1964	408075185	408087826	+
Silla-v4:chrX:idx0024	OG0007055	669245	675662	-	NA	0.1309	0.016	S1a	Silla-v4:chrY:idx1989	414299370	414313013	+
Silla-v4:chrX:idx2066	OG0007488	313496876	313504851	-	NA	0.0232	0.0078	S2b	Silla-v4:chrY:idx1163	245997238	246002036	+
Silla-v4:chrX:idx2064	OG0007489	313461723	313466656	-	NA	0.0518	0.0128	S2b	Silla-v4:chrY:idx1164	246208295	246213182	+
Silla-v4:chrX:idx2068	OG0007486	313546645	313553714	+	NA	0.0065	0.0065	S2b	Silla-v4:chrY:idx1175	247053101	247060381	+
Silla-v4:chrX:idx2071	OG0007485	313901787	313904781	+	NA	0.0422	0.0129	S2b	Silla-v4:chrY:idx1176	247161810	247164783	+
Silla-v4:chrX:idx1033	OG0007000	38350466	38353187	-	NA	0.1291	0.0357	S2b	Silla-v4:chrY:idx1188	250379413	250382866	+
Silla-v4:chrX:idx0295	OG0007128	5027047	5031173	+	NA	0.2372	0.039	S1a	Silla-v4:chrY:idx1232	261003788	261005192	+
Silla-v4:chrX:idx0305	OG0007126	5188523	5197497	-	NA	0.091	0.0118	S1a	Silla-v4:chrY:idx1247	265298088	265307717	+
Silla-v4:chrX:idx0302	OG0007127	5166848	5178245	-	NA	0.0444	0.0082	S1a	Silla-v4:chrY:idx1251	265564481	265582700	+
Silla-v4:chrX:idx1628	OG0007260	236370634	236377201	-	NA	0.0686	0.0169	S2b	Silla-v4:chrY:idx1257	267749003	267758554	+
Silla-v4:chrX:idx0790	OG0014851	16037069	16039167	-	SlAP3X	0.1368	0.0342	S1c	Silla-v4:chrY:idx1258	268907009	268933487	+
Silla-v4:chrX:idx0293	OG0007117	4932165	4937794	-	NA	0.0539	0.0142	S1a	Silla-v4:chrY:idx1263	270229691	270237362	+
Silla-v4:chrX:idx1820	OG0005900	280470431	280471252	+	NA	0.1575	0.0459	S2b	Silla-v4:chrY:idx1270	271935412	271936085	+
Silla-v4:chrX:idx1828	OG0005898	281928757	281936471	+	NA	0.0649	0.0177	S2b	Silla-v4:chrY:idx1287	276518674	276531826	+
Silla-v4:chrX:idx0822	OG0007034	17889480	17894634	-	NA	0.1558	0.0226	S1c	Silla-v4:chrY:idx1310	279449264	279454469	+
Silla-v4:chrX:idx2013	OG0007398	308296422	308300430	-	NA	0.042	0.0092	S2b	Silla-v4:chrY:idx1311	280472441	280476578	+
Silla-v4:chrX:idx1069	OG0006989	44269221	44274791	-	NA	0.0731	0.0124	S2b	Silla-v4:chrY:idx1321	281823418	281827528	+
Silla-v4:chrX:idx2019	OG0007396	309320796	309328380	-	NA	0.0275	0.0084	S2b	Silla-v4:chrY:idx1320	281441118	281449662	-
Silla-v4:chrX:idx0177	OG0007087	3119260	3125397	-	NA	0.087	0.0149	S1a	Silla-v4:chrY:idx1296	277608613	277620138	-
Silla-v4:chrX:idx0292	OG0014982	4919691	4929725	+	E807	0.0816	0.0335	S1a	Silla-v4:chrY:idx1264	270627194	270629102	-
Silla-v4:chrX:idx0060	OG0007064	1287554	1291007	+	NA	0.1347	0.0196	S1a	Silla-v4:chrY:idx1255	266585268	266588481	-
Silla-v4:chrX:idx1502	OG0007261	179375024	179377213	+	NA	0.0288	0.0167	S2b	Silla-v4:chrY:idx1224	259448373	259450729	-
Silla-v4:chrX:idx1122	OG0006981	52511462	52515666	-	NA	0.0423	0.0075	S2b	Silla-v4:chrY:idx1219	257406151	257410203	-
Silla-v4:chrX:idx1174	OG0022250	64102587	64108883	+	NA	0.1253	0.0428	S2b	Silla-v4:chrY:idx1211	256664386	256673729	-
Silla-v4:chrX:idx2072	OG0007484	313905323	313912713	-	NA	0.0332	0.0075	S2b	Silla-v4:chrY:idx1177	247165359	247172426	-
Silla-v4:chrX:idx2067	OG0007487	313530163	313535029	-	NA	0.0118	0.005	S2b	Silla-v4:chrY:idx1174	247028262	247033328	-
Silla-v4:chrX:idx2058	OG0007494	313240539	313247874	+	NA	0.0082	0.0048	S2b	Silla-v4:chrY:idx1170	246447516	246454815	-
Silla-v4:chrX:idx2059	OG0007493	313253240	313257358	+	NA	0.0349	0.013	S2b	Silla-v4:chrY:idx1169	246430895	246434224	-
Silla-v4:chrX:idx2060	OG0007492	313383782	313389323	+	NA	0.0163	0.0062	S2b	Silla-v4:chrY:idx1168	246363906	246374643	-
Silla-v4:chrX:idx2062	OG0007491	313429682	313432695	+	NA	0.0715	0.0115	S2b	Silla-v4:chrY:idx1167	246322068	246325389	-
Silla-v4:chrX:idx1271	OG0007237	85445273	85446379	+	NA	0.0753	0.0221	S2b	Silla-v4:chrY:idx1160	244900791	244902089	-
Silla-v4:chrX:idx0642	OG0006929	11917742	11922180	-	NA	0.1208	0.0169	S1bL	Silla-v4:chrY:idx1150	241892564	241896982	-
Silla-v4:chrX:idx0554	OG0007208	10266554	10274649	+	NA	0.0376	0.0087	S1bL	Silla-v4:chrY:idx0980	202553319	202570042	-
Silla-v4:chrX:idx0557	OG0007210	10285779	10290167	-	NA	0.0944	0.0235	S1bL	Silla-v4:chrY:idx0978	202210301	202213354	-
Silla-v4:chrX:idx0556	OG0007209	10283222	10284223	-	NA	0.2611	0.0581	S1bL	Silla-v4:chrY:idx0977	202187078	202189179	-
Silla-v4:chrX:idx1356	OG0022252	115634111	115642451	+	NA	0.0236	0.0073	S2b	Silla-v4:chrY:idx0963	199281148	199288644	-
Silla-v4:chrX:idx1289	OG0006964	95073118	95082957	-	NA	0.0374	0.0105	S2b	Silla-v4:chrY:idx0962	199168835	199176853	-
Silla-v4:chrX:idx1343	OG0006959	111589477	111592043	-	NA	0.099	0.0151	S2b	Silla-v4:chrY:idx0953	196348911	196351458	-
Silla-v4:chrX:idx1294	OG0006965	96498368	96502841	-	NA	0.0463	0.013	S2b	Silla-v4:chrY:idx0938	194059111	194062877	-
Silla-v4:chrX:idx1403	OG0015078	128918970	128923058	-	NA	0.0534	0.0117	S2b	Silla-v4:chrY:idx0926	191684223	191689165	-
Silla-v4:chrX:idx0772	OG0006895	15204441	15209488	-	NA	0.0914	0.0195	S1bR	Silla-v4:chrY:idx0900	184576585	184585180	-
Silla-v4:chrX:idx0757	OG0006903	14901864	14903023	-	NA	0.0681	0.0217	S1bR	Silla-v4:chrY:idx0896	184055831	184056983	-
Silla-v4:chrX:idx1675	OG0007308	249938006	249940119	-	NA	0.1115	0.0205	S2b	Silla-v4:chrY:idx1016	207536858	207538754	+
Silla-v4:chrX:idx1673	OG0007306	249364116	249367178	-	NA	0.0528	0.0149	S2b	Silla-v4:chrY:idx1017	207670981	207673484	+
Silla-v4:chrX:idx0247	OG0007096	4226484	4231651	-	NA	0.1569	0.0281	S1a	Silla-v4:chrY:idx1054	216712958	216720629	+
Silla-v4:chrX:idx0838	OG0007025	18390810	18394635	+	NA	0.1411	0.0222	S1c	Silla-v4:chrY:idx1068	221790496	221793551	-
Silla-v4:chrX:idx0246	OG0007097	4214715	4215930	-	NA	0.2949	0.0528	S1a	Silla-v4:chrY:idx1062	218525111	218526334	-
Silla-v4:chrX:idx1928	OG0007369	298582459	298587442	+	NA	0.0568	0.013	S2b	Silla-v4:chrY:idx1049	215052647	215057266	-
Silla-v4:chrX:idx1398	OG0015077	128685495	128687085	+	NA	0.0833	0.0247	S2b	Silla-v4:chrY:idx1045	213755651	213761992	-
Silla-v4:chrX:idx1730	OG0007290	263245007	263251158	+	NA	0.0746	0.0137	S2b	Silla-v4:chrY:idx1044	213616042	213621956	-
Silla-v4:chrX:idx1731	OG0007289	263253529	263262349	+	NA	0.1089	0.0228	S2b	Silla-v4:chrY:idx1041	213487477	213502749	-
Silla-v4:chrX:idx0962	OG0007007	27675217	27679100	+	NA	0.1649	0.0232	S1c	Silla-v4:chrY:idx1039	213006105	213010339	-
Silla-v4:chrX:idx1936	OG0007375	300101781	300109674	-	NA	0.0499	0.0157	S2b	Silla-v4:chrY:idx1035	212085583	212092688	-
Silla-v4:chrX:idx1935	OG0007374	299917495	299922735	-	NA	0.0451	0.0087	S2b	Silla-v4:chrY:idx1034	211922063	211926462	-
Silla-v4:chrX:idx1026	OG0007002	37040248	37046610	-	NA	0.0719	0.0203	S2b	Silla-v4:chrY:idx1033	211886278	211893083	-
Silla-v4:chrX:idx1911	OG0022270	296852679	296862531	+	NA	0.0194	0.0052	S2b	Silla-v4:chrY:idx1026	210378510	210388470	-
Silla-v4:chrX:idx2016	OG0007397	308912377	308919639	-	NA	0.0338	0.01	S2b	Silla-v4:chrY:idx1007	206616670	206623501	-
Silla-v4:chrX:idx0756	OG0006904	14856095	14866248	+	NA	0.0461	0.0084	S1bR	Silla-v4:chrY:idx0895	183799509	183809323	+
Silla-v4:chrX:idx0770	OG0006897	15189710	15197198	+	NA	0.0717	0.0108	S1bR	Silla-v4:chrY:idx0897	184525836	184533667	+
Silla-v4:chrX:idx0771	OG0006896	15198016	15203891	+	NA	0.015	0.0059	S1bR	Silla-v4:chrY:idx0898	184569047	184575366	+
Silla-v4:chrX:idx0357	OG0007138	5854953	5858222	-	NA	0.0968	0.0215	S2a	Silla-v4:chrY:idx0909	187405653	187408788	+
Silla-v4:chrX:idx1344	OG0006960	111949127	111954300	+	NA	0.0325	0.0134	S2b	Silla-v4:chrY:idx0954	196482089	196486504	+
Silla-v4:chrX:idx1349	OG0006961	114048883	114056080	+	NA	0.0386	0.0139	S2b	Silla-v4:chrY:idx0955	197947397	197955900	+
Silla-v4:chrX:idx0053	OG0007062	1237234	1243815	-	NA	0.1254	0.0228	S1a	Silla-v4:chrY:idx1082	226449364	226459444	+
Silla-v4:chrX:idx1256	OG0006952	80566118	80568152	-	NA	0.325	0.0439	S2b	Silla-v4:chrY:idx1084	227468284	227470009	+
Silla-v4:chrX:idx1127	OG0006979	53452629	53456743	-	NA	0.0279	0.0198	S2b	Silla-v4:chrY:idx1086	227595010	227598644	+
Silla-v4:chrX:idx1616	OG0005734	230838098	230844063	+	NA	0.058	0.0113	S2b	Silla-v4:chrY:idx1088	227920176	227926892	+
Silla-v4:chrX:idx0859	OG0007030	19119389	19121255	+	NA	0.1801	0.0326	S1c	Silla-v4:chrY:idx1091	228445506	228447265	+
Silla-v4:chrX:idx1785	OG0005907	274770190	274771257	-	NA	0.1441	0.0365	S2b	Silla-v4:chrY:idx1111	231456139	231457152	+
Silla-v4:chrX:idx0243	OG0007098	4015857	4019673	+	NA	0.2495	0.0435	S1a	Silla-v4:chrY:idx1120	233932222	233939931	+
Silla-v4:chrX:idx2039	OG0007406	311995130	311996111	+	NA	0.0312	0.0158	S2b	Silla-v4:chrY:idx1139	236606890	236607989	+
Silla-v4:chrX:idx2023	OG0007395	310090522	310093138	-	NA	0.0559	0.0126	S2b	Silla-v4:chrY:idx1140	237530680	237532685	+
Silla-v4:chrX:idx0241	OG0007100	4002446	4005074	+	NA	0.2084	0.0269	S1a	Silla-v4:chrY:idx1121	234018405	234020835	-
Silla-v4:chrX:idx0100	OG0007069	2172857	2180624	-	NA	0.0994	0.0148	S1a	Silla-v4:chrY:idx1117	233459403	233471243	-
Silla-v4:chrX:idx1126	OG0006980	53441251	53447428	+	NA	0.0311	0.0087	S2b	Silla-v4:chrY:idx1087	227599488	227605234	-
Silla-v4:chrX:idx0052	OG0007061	1220195	1226795	+	NA	0.1668	0.0298	S1a	Silla-v4:chrY:idx1083	226601392	226604884	-
