"pop","chromosome","window_pos_1","window_pos_2","avg_pi","SNP","no_sites","count_diffs","count_comparisons","count_missing","window_length","mid_pos","chr.type"
"64992","FRA1",13,6126937,6127057,0,32496,117,0,702,702,120,6126997,"Y-chr."
"65004","FRA1",13,10996083,10996207,0,32502,107,0,642,642,124,10996145,"Y-chr."
"65030","FRA1",13,39090172,39090297,0,32515,118,0,1016,631,125,39090234.5,"Y-chr."
"65031","FRA1",13,39477539,39477664,0,32516,106,0,1000,545,125,39477601.5,"Y-chr."
"65034","FRA1",13,39477822,39477940,0,32517,105,0,990,540,118,39477881,"Y-chr."
"65068","FRA1",13,47465132,47465252,0,32534,106,0,960,555,120,47465192,"Y-chr."
"65097","FRA1",13,72988891,72989011,0,32549,101,0,606,606,120,72988951,"Y-chr."
"65099","FRA1",13,74277979,74278104,0,32550,125,0,1210,635,125,74278041.5,"Y-chr."
"65102","FRA1",13,74278243,74278358,0,32551,116,0,1152,582,115,74278300.5,"Y-chr."
"65114","FRA1",13,79483342,79483459,0.0181818181818181,32557,110,20,1100,550,117,79483400.5,"Y-chr."
"65143","FRA1",13,94405797,94405917,0,32572,120,0,1176,606,120,94405857,"Y-chr."
"65193","FRA1",13,114240087,114240202,0,32597,105,0,630,630,115,114240144.5,"Y-chr."
"65199","FRA1",13,114366914,114367031,0.0084985835694051,32600,117,6,706,701,117,114366972.5,"Y-chr."
"65202","FRA1",13,114367147,114367272,0,32601,125,0,750,750,125,114367209.5,"Y-chr."
"65232","FRA1",13,128972137,128972262,0,32616,122,0,960,675,125,128972199.5,"Y-chr."
"65233","FRA1",13,128972451,128972570,0,32617,114,0,1008,603,119,128972510.5,"Y-chr."
"65283","FRA1",13,148120563,148120682,0,32642,100,0,600,600,119,148120622.5,"Y-chr."
"65311","FRA1",13,158777219,158777344,0,32656,110,0,660,660,125,158777281.5,"Y-chr."
"65313","FRA1",13,158795540,158795660,0,32657,120,0,720,720,120,158795600,"Y-chr."
"65332","FRA1",13,167666661,167666781,0.014367816091954,32666,116,10,696,696,120,167666721,"Y-chr."
"65356","FRA1",13,176650165,176650290,0,32678,125,0,750,750,125,176650227.5,"Y-chr."
"65357","FRA1",13,176650455,176650574,0,32679,110,0,660,660,119,176650514.5,"Y-chr."
"65371","FRA1",13,183614070,183614195,0,32686,118,0,912,657,125,183614132.5,"Y-chr."
"65391","FRA1",13,195078542,195078662,0,32696,103,0,618,618,120,195078602,"Y-chr."
"65414","FRA1",13,201286611,201286736,0,32707,111,0,666,666,125,201286673.5,"Y-chr."
"65425","FRA1",13,209817560,209817685,0,32713,115,0,1150,575,125,209817622.5,"Y-chr."
"65427","FRA1",13,209817814,209817934,0,32714,118,0,1180,590,120,209817874,"Y-chr."
"65464","FRA1",13,233292783,233292900,0,32732,114,0,684,684,117,233292841.5,"Y-chr."
"65531","FRA1",13,272303874,272303991,0.0034843205574912,32766,116,4,1148,583,117,272303932.5,"Y-chr."
"65533","FRA1",13,272304130,272304255,0.0041551246537396,32767,105,3,722,607,125,272304192.5,"Y-chr."
"65584","FRA1",13,295224636,295224756,0,32792,114,0,684,684,120,295224696,"Y-chr."
"65633","FRA1",13,327259098,327259218,0,32817,113,0,694,674,120,327259158,"Y-chr."
"65646","FRA1",13,334379732,334379847,0.0058479532163742,32823,114,4,684,684,115,334379789.5,"Y-chr."
"65684","FRA1",13,352067335,352067455,0,32842,120,0,1132,617,120,352067395,"Y-chr."
"65686","FRA1",13,352067583,352067708,0.0032362459546925,32843,124,4,1236,621,125,352067645.5,"Y-chr."
"65745","FRA1",13,377899464,377899586,0,32873,122,0,732,732,122,377899525,"Y-chr."
"65803","FRA1",13,400645481,400645598,0,32902,105,0,630,630,117,400645539.5,"Y-chr."
"65826","FRA1",13,407779207,407779332,0,32913,114,0,684,684,125,407779269.5,"Y-chr."
"65868","FRA1",13,424375926,424376051,0,32934,115,0,690,690,125,424375988.5,"Y-chr."
"65869","FRA1",13,424376195,424376315,0,32935,118,0,724,704,120,424376255,"Y-chr."
"65898","FRA1",13,437443920,437444042,0,32949,104,0,624,624,122,437443981,"Y-chr."
"65899","FRA1",13,437444161,437444276,0,32950,106,0,636,636,115,437444218.5,"Y-chr."
"41",NA,13,NA,NA,NA,NA,NA,NA,NA,NA,NA,497814031,NA
"17",NA,13,NA,NA,NA,NA,NA,NA,NA,NA,NA,0,NA
