"chr","window","fst","mid","start","snp","scaff","seq.len","chr.type"
"1",1,1,0.191228011479375,2854734,354734,330,40,4985,"Autosomes"
"2",1,2,0.226442014877622,7854734,5354734,313,36,4455,"Autosomes"
"3",1,3,0.21720839639488,12854734,10354734,166,25,3127,"Autosomes"
"4",1,4,0.155398786254212,17854734,15354734,306,42,5271,"Autosomes"
"5",1,5,0.18459375898281,22854734,20354734,330,42,5124,"Autosomes"
"6",1,6,0.185216697768642,27854734,25354734,269,28,3445,"Autosomes"
"7",1,7,0.205160490902458,32854734,30354734,556,67,8438,"Autosomes"
"8",1,8,0.157128777596089,37854734,35354734,290,41,5100,"Autosomes"
"9",1,9,0.229876281322224,42854734,40354734,351,41,5044,"Autosomes"
"10",1,10,0.246183417932776,47854734,45354734,402,55,6872,"Autosomes"
"11",1,11,0.27344176141879,52854734,50354734,364,49,6117,"Autosomes"
"12",1,12,0.247772711877943,57854734,55354734,680,97,12092,"Autosomes"
"13",1,13,0.302349382829232,62854734,60354734,355,54,6575,"Autosomes"
"14",1,14,0.255478836605459,67854734,65354734,257,33,4039,"Autosomes"
"15",1,15,0.309350143187714,72854734,70354734,505,70,8640,"Autosomes"
"16",1,16,0.268287532230181,77854734,75354734,403,75,9281,"Autosomes"
"17",1,17,0.19870326642726,82854734,80354734,411,60,7737,"Autosomes"
"18",1,18,0.23663240824864,87854734,85354734,300,38,4746,"Autosomes"
"19",1,19,0.253806516949756,92854734,90354734,323,46,5698,"Autosomes"
"20",1,20,0.302410352538441,97854734,95354734,371,46,5625,"Autosomes"
"21",1,21,0.190680079443342,102854734,100354734,433,74,9155,"Autosomes"
"22",1,22,0.190336776163543,107854734,105354734,580,107,13295,"Autosomes"
"23",1,23,0.223958159910404,112854734,110354734,483,92,11267,"Autosomes"
"24",1,24,0.226357819099245,117854734,115354734,346,63,7816,"Autosomes"
"25",1,25,0.188115540505049,122854734,120354734,362,54,6596,"Autosomes"
"26",1,26,0.290655482905281,127854734,125354734,663,98,12340,"Autosomes"
"27",1,27,0.136056579598211,132854734,130354734,607,122,15084,"Autosomes"
"28",1,28,0.200625853162893,137854734,135354734,686,113,13967,"Autosomes"
"29",1,29,0.189601427769101,142854734,140354734,636,123,15482,"Autosomes"
"30",1,30,0.194707097722661,147854734,145354734,694,126,15834,"Autosomes"
"31",1,31,0.202521287585315,152854734,150354734,797,144,17927,"Autosomes"
"32",1,32,0.238485794010288,157854734,155354734,611,94,11675,"Autosomes"
"33",1,33,0.244959402912709,162854734,160354734,507,75,9395,"Autosomes"
"34",1,34,0.234780208819758,167854734,165354734,197,29,3517,"Autosomes"
"35",1,35,0.153245281428799,172854734,170354734,338,47,5838,"Autosomes"
"36",1,36,0.235297034714099,177854734,175354734,327,42,5206,"Autosomes"
"37",1,37,0.177140277201361,182854734,180354734,168,19,2324,"Autosomes"
"38",1,38,0.230781077283382,187854734,185354734,171,21,2671,"Autosomes"
"39",1,39,0.212012768092382,192854734,190354734,293,30,3910,"Autosomes"
"40",1,40,0.236843170498188,197854734,195354734,194,31,3889,"Autosomes"
"41",2,1,0.212474363987218,4817826,2317826,172,19,2353,"Autosomes"
"42",2,2,0.163464924484973,9817826,7317826,204,30,3639,"Autosomes"
"43",2,3,0.204435334899377,14817826,12317826,155,23,2887,"Autosomes"
"44",2,4,0.180970410968411,19817826,17317826,59,8,1094,"Autosomes"
"45",2,5,0.136415877872286,24817826,22317826,222,21,2660,"Autosomes"
"46",2,6,0.145796098262942,29817826,27317826,186,22,2679,"Autosomes"
"47",2,7,0.0945135921784393,34817826,32317826,126,17,2114,"Autosomes"
"48",2,8,0.226124256023559,39817826,37317826,297,38,4909,"Autosomes"
"49",2,9,0.189081993593775,44817826,42317826,281,39,4845,"Autosomes"
"50",2,10,0.217402808806694,49817826,47317826,587,85,10601,"Autosomes"
"51",2,11,0.168891376441157,54817826,52317826,457,81,10014,"Autosomes"
"52",2,12,0.155778047981983,59817826,57317826,496,103,12859,"Autosomes"
"53",2,13,0.151470412972212,64817826,62317826,262,52,6521,"Autosomes"
"54",2,14,0.17255327547205,69817826,67317826,632,143,17724,"Autosomes"
"55",2,15,0.139787145835802,74817826,72317826,733,166,21221,"Autosomes"
"56",2,16,0.156099098860242,79817826,77317826,537,140,17356,"Autosomes"
"57",2,17,0.192997432876364,84817826,82317826,430,111,14020,"Autosomes"
"58",2,18,0.20238113890316,89817826,87317826,436,103,12790,"Autosomes"
"59",2,19,0.158405688719273,94817826,92317826,674,143,17798,"Autosomes"
"60",2,20,0.198614882668499,99817826,97317826,404,110,13862,"Autosomes"
"61",2,21,0.203952000109045,104817826,102317826,497,105,13399,"Autosomes"
"62",2,22,0.219742978301208,109817826,107317826,564,115,14252,"Autosomes"
"63",2,23,0.197858935977125,114817826,112317826,426,78,9821,"Autosomes"
"64",2,24,0.272226746619972,119817826,117317826,410,98,12420,"Autosomes"
"65",2,25,0.26417442015224,124817826,122317826,491,114,14460,"Autosomes"
"66",2,26,0.214316459906907,129817826,127317826,313,56,6856,"Autosomes"
"67",2,27,0.204824775835418,134817826,132317826,348,61,7610,"Autosomes"
"68",2,28,0.220336809417576,139817826,137317826,150,24,2920,"Autosomes"
"69",2,29,0.155508107521726,144817826,142317826,175,22,2757,"Autosomes"
"70",2,30,0.269019039615676,149817826,147317826,254,31,3767,"Autosomes"
"71",2,31,0.155232284916571,154817826,152317826,397,53,6734,"Autosomes"
"72",2,32,0.242229045996511,159817826,157317826,343,50,6300,"Autosomes"
"73",2,33,0.151604521957118,164817826,162317826,396,56,7035,"Autosomes"
"74",2,34,0.226141312552619,169817826,167317826,293,43,5321,"Autosomes"
"75",2,35,0.214404587850961,174817826,172317826,202,27,3353,"Autosomes"
"76",2,36,0.21254373785253,179817826,177317826,288,39,4867,"Autosomes"
"77",2,37,0.198766549446177,184817826,182317826,266,34,4335,"Autosomes"
"78",2,38,0.169175923669789,189817826,187317826,339,39,4844,"Autosomes"
"79",2,39,0.107311348742272,194817826,192317826,379,41,5047,"Autosomes"
"80",3,1,0.203453614068993,4179660,1679660,194,24,2902,"Autosomes"
"81",3,2,0.210251741175345,9179660,6679660,323,37,4643,"Autosomes"
"82",3,3,0.229887877911966,14179660,11679660,167,25,3112,"Autosomes"
"83",3,4,0.167589704233883,19179660,16679660,355,44,5400,"Autosomes"
"84",3,5,0.305441491453271,24179660,21679660,431,54,6667,"Autosomes"
"85",3,6,0.244544786424101,29179660,26679660,286,39,4911,"Autosomes"
"86",3,7,0.204221565508104,34179660,31679660,358,43,5460,"Autosomes"
"87",3,8,0.221136767420808,39179660,36679660,277,42,5178,"Autosomes"
"88",3,9,0.206256823142813,44179660,41679660,288,40,4967,"Autosomes"
"89",3,10,0.195766238869076,49179660,46679660,470,86,10843,"Autosomes"
"90",3,11,0.192933223013416,54179660,51679660,502,69,8558,"Autosomes"
"91",3,12,0.258205881336554,59179660,56679660,619,118,14836,"Autosomes"
"92",3,13,0.304462657854708,64179660,61679660,541,116,14747,"Autosomes"
"93",3,14,0.342319268092955,69179660,66679660,511,90,11153,"Autosomes"
"94",3,15,0.407899101645344,74179660,71679660,342,45,5532,"Autosomes"
"95",3,16,0.289311555264606,79179660,76679660,394,66,8389,"Autosomes"
"96",3,17,0.27106420638833,84179660,81679660,388,72,8785,"Autosomes"
"97",3,18,0.271654084234043,89179660,86679660,439,77,9359,"Autosomes"
"98",3,19,0.213930139820386,94179660,91679660,330,60,7481,"Autosomes"
"99",3,20,0.21001115503552,99179660,96679660,516,81,9918,"Autosomes"
"100",3,21,0.191924711676973,104179660,101679660,697,123,15529,"Autosomes"
"101",3,22,0.238393457244058,109179660,106679660,285,53,6468,"Autosomes"
"102",3,23,0.216633791919217,114179660,111679660,509,63,7721,"Autosomes"
"103",3,24,0.339239899746517,119179660,116679660,280,35,4377,"Autosomes"
"104",3,25,0.188190456802431,124179660,121679660,340,51,6227,"Autosomes"
"105",3,26,0.152031219166936,129179660,126679660,478,57,7047,"Autosomes"
"106",3,27,0.176081016064406,134179660,131679660,299,30,3688,"Autosomes"
"107",3,28,0.262723250007287,139179660,136679660,272,29,3630,"Autosomes"
"108",3,29,0.217052776334157,144179660,141679660,274,24,3055,"Autosomes"
"109",3,30,0.217388476774592,149179660,146679660,138,14,1817,"Autosomes"
"110",4,1,0.187088366007717,3882085,1382085,234,33,4028,"Autosomes"
"111",4,2,0.181581084890259,8882085,6382085,343,44,5513,"Autosomes"
"112",4,3,0.212272493052618,13882085,11382085,312,48,5837,"Autosomes"
"113",4,4,0.191471520410285,18882085,16382085,267,33,4170,"Autosomes"
"114",4,5,0.255656630997749,23882085,21382085,448,55,6764,"Autosomes"
"115",4,6,0.193851974492184,28882085,26382085,370,48,6106,"Autosomes"
"116",4,7,0.267017269446199,33882085,31382085,550,76,9765,"Autosomes"
"117",4,8,0.360390045590179,38882085,36382085,301,45,5461,"Autosomes"
"118",4,9,0.289253221201731,43882085,41382085,327,52,6608,"Autosomes"
"119",4,10,0.366507089481464,48882085,46382085,343,42,5164,"Autosomes"
"120",4,11,0.357928569017408,53882085,51382085,317,52,6329,"Autosomes"
"121",4,12,0.463249067883072,58882085,56382085,88,17,2071,"Autosomes"
"122",4,13,0.236372027512324,63882085,61382085,296,30,3692,"Autosomes"
"123",4,14,0.220028121471474,68882085,66382085,261,26,3393,"Autosomes"
"124",4,15,0.312097397958587,73882085,71382085,310,47,5964,"Autosomes"
"125",4,16,0.422682474706696,78882085,76382085,309,46,5688,"Autosomes"
"126",4,17,0.271188750680885,83882085,81382085,186,20,2428,"Autosomes"
"127",4,18,0.237667025456667,88882085,86382085,405,39,4741,"Autosomes"
"128",4,19,0.218257020889192,93882085,91382085,356,48,5848,"Autosomes"
"129",4,20,0.244453714926744,98882085,96382085,393,63,7997,"Autosomes"
"130",4,21,0.186435449856178,103882085,101382085,300,39,4740,"Autosomes"
"131",4,22,0.20241104390104,108882085,106382085,403,43,5295,"Autosomes"
"132",5,1,0.125381218631877,3073504,573504,212,19,2308,"Autosomes"
"133",5,2,0.122915705318401,8073504,5573504,255,28,3488,"Autosomes"
"134",5,3,0.226914942379734,13073504,10573504,348,39,4978,"Autosomes"
"135",5,4,0.120604050673759,18073504,15573504,301,30,3763,"Autosomes"
"136",5,5,0.205200362110699,23073504,20573504,306,35,4276,"Autosomes"
"137",5,6,0.112065592479688,28073504,25573504,197,24,3117,"Autosomes"
"138",5,7,0.288560175349987,33073504,30573504,260,37,4504,"Autosomes"
"139",5,8,0.218357121690695,38073504,35573504,309,42,5115,"Autosomes"
"140",5,9,0.258204940106336,43073504,40573504,253,43,5420,"Autosomes"
"141",5,10,0.304389937958651,48073504,45573504,294,56,6790,"Autosomes"
"142",5,11,0.243278315528612,53073504,50573504,346,58,7219,"Autosomes"
"143",5,12,0.216577461750992,58073504,55573504,397,56,6817,"Autosomes"
"144",5,13,0.157775909653381,63073504,60573504,343,45,5570,"Autosomes"
"145",5,14,0.165003551967926,68073504,65573504,296,48,5914,"Autosomes"
"146",5,15,0.283301145359069,73073504,70573504,254,40,4906,"Autosomes"
"147",5,16,0.250323062504702,78073504,75573504,247,34,4607,"Autosomes"
"148",5,17,0.208366713690252,83073504,80573504,243,32,4034,"Autosomes"
"149",5,18,0.244474129753692,88073504,85573504,308,41,5038,"Autosomes"
"150",6,1,0.157334694479385,3139515.5,639515.5,176,24,2937,"Autosomes"
"151",6,2,0.169821323760105,8139515.5,5639515.5,240,30,3802,"Autosomes"
"152",6,3,0.143097780009299,13139515.5,10639515.5,318,33,4031,"Autosomes"
"153",6,4,0.170745136438642,18139515.5,15639515.5,62,11,1431,"Autosomes"
"154",6,5,0.181229968972149,23139515.5,20639515.5,127,24,2931,"Autosomes"
"155",6,6,0.168825454235619,28139515.5,25639515.5,276,35,4390,"Autosomes"
"156",6,7,0.190321441717604,33139515.5,30639515.5,197,28,3617,"Autosomes"
"157",6,8,0.194990996977964,38139515.5,35639515.5,299,45,5767,"Autosomes"
"158",6,9,0.357527984960443,43139515.5,40639515.5,424,63,7995,"Autosomes"
"159",6,10,0.29609333342833,48139515.5,45639515.5,158,25,3089,"Autosomes"
"160",6,11,0.263862556166185,53139515.5,50639515.5,300,39,4771,"Autosomes"
"161",6,12,0.231762107200935,58139515.5,55639515.5,192,30,3647,"Autosomes"
"162",6,13,0.182891721555114,63139515.5,60639515.5,254,38,4743,"Autosomes"
"163",6,14,0.27685609765635,68139515.5,65639515.5,107,16,2064,"Autosomes"
"164",6,15,0.191770225500939,73139515.5,70639515.5,147,24,3008,"Autosomes"
"165",6,16,0.223924768671587,78139515.5,75639515.5,180,38,4713,"Autosomes"
"166",6,17,0.260721905435094,83139515.5,80639515.5,207,35,4365,"Autosomes"
"167",6,18,0.202202872536046,88139515.5,85639515.5,158,28,3498,"Autosomes"
"168",6,19,0.232946813579487,93139515.5,90639515.5,179,23,2818,"Autosomes"
"169",6,20,0.211694684604967,98139515.5,95639515.5,92,14,1704,"Autosomes"
"170",6,21,0.21096786134553,103139515.5,100639515.5,185,28,3463,"Autosomes"
"171",6,22,0.209661349808557,108139515.5,105639515.5,269,36,4469,"Autosomes"
"172",6,23,0.200171253888382,113139515.5,110639515.5,246,33,4017,"Autosomes"
"173",6,24,0.1658106002816,118139515.5,115639515.5,292,39,4741,"Autosomes"
"174",6,25,0.183156441246216,123139515.5,120639515.5,261,34,4213,"Autosomes"
"175",6,26,0.254687367696674,128139515.5,125639515.5,202,36,4430,"Autosomes"
"176",6,27,0.137911798750142,133139515.5,130639515.5,169,22,2828,"Autosomes"
"177",6,28,0.145246385555807,138139515.5,135639515.5,221,27,3281,"Autosomes"
"178",7,1,0.188366615267627,4259035.5,1759035.5,297,40,4893,"Autosomes"
"179",7,2,0.153583199510781,9259035.5,6759035.5,171,24,2959,"Autosomes"
"180",7,3,0.240753382079218,14259035.5,11759035.5,234,24,2965,"Autosomes"
"181",7,4,0.193951359861914,19259035.5,16759035.5,102,15,1836,"Autosomes"
"182",7,5,0.327924317757343,24259035.5,21759035.5,147,23,2837,"Autosomes"
"183",7,6,0.342899245230387,29259035.5,26759035.5,425,80,10011,"Autosomes"
"184",7,7,0.367812707335271,34259035.5,31759035.5,368,70,8866,"Autosomes"
"185",7,8,0.251350292106799,39259035.5,36759035.5,367,42,5094,"Autosomes"
"186",7,9,0.173220642032913,44259035.5,41759035.5,132,20,2431,"Autosomes"
"187",7,10,0.206876708920416,49259035.5,46759035.5,141,19,2311,"Autosomes"
"188",7,11,0.226048423291613,54259035.5,51759035.5,270,36,4393,"Autosomes"
"189",7,12,0.183075611580609,59259035.5,56759035.5,352,47,5830,"Autosomes"
"190",7,13,0.23899928973023,64259035.5,61759035.5,512,66,8357,"Autosomes"
"191",7,14,0.308911399959549,69259035.5,66759035.5,215,27,3295,"Autosomes"
"192",7,15,0.304362052876534,74259035.5,71759035.5,122,24,2949,"Autosomes"
"193",7,16,0.262273955148019,79259035.5,76759035.5,245,31,3776,"Autosomes"
"194",7,17,0.286567083847304,84259035.5,81759035.5,309,29,3734,"Autosomes"
"195",7,18,0.417137590430994,89259035.5,86759035.5,251,33,4168,"Autosomes"
"196",7,19,0.287763017215206,94259035.5,91759035.5,310,34,4154,"Autosomes"
"197",7,20,0.290217705715644,99259035.5,96759035.5,344,73,8917,"Autosomes"
"198",7,21,0.160501939061748,104259035.5,101759035.5,401,54,6643,"Autosomes"
"199",7,22,0.205619555981937,109259035.5,106759035.5,359,52,6471,"Autosomes"
"200",7,23,0.216728846561693,114259035.5,111759035.5,397,43,5375,"Autosomes"
"201",7,24,0.171735528911553,119259035.5,116759035.5,247,28,3395,"Autosomes"
"202",7,25,0.155929029438079,124259035.5,121759035.5,161,20,2413,"Autosomes"
"203",8,1,0.159940017833741,4428668.5,1928668.5,313,33,4004,"Autosomes"
"204",8,2,0.17666067105077,9428668.5,6928668.5,153,17,2191,"Autosomes"
"205",8,3,0.162382513199126,14428668.5,11928668.5,198,28,3431,"Autosomes"
"206",8,4,0.117312898584516,19428668.5,16928668.5,172,21,2526,"Autosomes"
"207",8,5,0.133828248431391,24428668.5,21928668.5,319,32,3950,"Autosomes"
"208",8,6,0.187873215823667,29428668.5,26928668.5,427,48,6062,"Autosomes"
"209",8,7,0.158972069497619,34428668.5,31928668.5,94,13,1577,"Autosomes"
"210",8,8,0.163854622195524,39428668.5,36928668.5,111,16,1942,"Autosomes"
"211",8,9,0.176693829664102,44428668.5,41928668.5,91,13,1589,"Autosomes"
"212",8,10,0.265535636776192,49428668.5,46928668.5,78,17,2107,"Autosomes"
"213",8,11,0.291592199706949,54428668.5,51928668.5,194,39,4737,"Autosomes"
"214",8,12,0.197682650139723,59428668.5,56928668.5,527,95,11907,"Autosomes"
"215",8,13,0.178938625301521,64428668.5,61928668.5,439,95,12042,"Autosomes"
"216",8,14,0.173066800031549,69428668.5,66928668.5,426,59,7306,"Autosomes"
"217",8,15,0.210310465423553,74428668.5,71928668.5,226,39,4910,"Autosomes"
"218",8,16,0.22701963519973,79428668.5,76928668.5,486,58,7127,"Autosomes"
"219",8,17,0.205747976601335,84428668.5,81928668.5,235,37,4507,"Autosomes"
"220",8,18,0.190064452586824,89428668.5,86928668.5,137,20,2441,"Autosomes"
"221",8,19,0.0822497854087611,94428668.5,91928668.5,30,5,600,"Autosomes"
"222",8,20,0.148863267445752,99428668.5,96928668.5,394,47,5836,"Autosomes"
"223",8,21,0.195008636232345,104428668.5,101928668.5,214,29,3685,"Autosomes"
"224",8,22,0.222540806518038,109428668.5,106928668.5,311,37,4543,"Autosomes"
"225",9,1,0.17262160292496,3161806,661806,274,29,3637,"Autosomes"
"226",9,2,0.143922513354988,8161806,5661806,254,28,3404,"Autosomes"
"227",9,3,0.188315014539709,13161806,10661806,204,31,3919,"Autosomes"
"228",9,4,0.175255386843214,18161806,15661806,372,46,5698,"Autosomes"
"229",9,5,0.190471063186533,23161806,20661806,133,20,2439,"Autosomes"
"230",9,6,0.259536968676127,28161806,25661806,196,37,4516,"Autosomes"
"231",9,7,0.208803206870174,33161806,30661806,432,60,7446,"Autosomes"
"232",9,8,0.128925561854345,38161806,35661806,403,45,5622,"Autosomes"
"233",9,9,0.160160944700925,43161806,40661806,408,41,5057,"Autosomes"
"234",9,10,0.189367387716564,48161806,45661806,492,70,8628,"Autosomes"
"235",9,11,0.297242761962293,53161806,50661806,373,58,7173,"Autosomes"
"236",9,12,0.220585575714974,58161806,55661806,336,59,7386,"Autosomes"
"237",9,13,0.300546136305714,63161806,60661806,665,82,10103,"Autosomes"
"238",9,14,0.27869762975513,68161806,65661806,505,76,9428,"Autosomes"
"239",9,15,0.352181068757607,73161806,70661806,372,65,7987,"Autosomes"
"240",9,16,0.350950062488812,78161806,75661806,501,92,11473,"Autosomes"
"241",9,17,0.384607275645383,83161806,80661806,378,62,7704,"Autosomes"
"242",9,18,0.256000350849031,88161806,85661806,464,75,9452,"Autosomes"
"243",9,19,0.319388094287425,93161806,90661806,324,64,8294,"Autosomes"
"244",9,20,0.332066237124536,98161806,95661806,400,73,9181,"Autosomes"
"245",9,21,0.279848530683201,103161806,100661806,264,56,7075,"Autosomes"
"246",9,22,0.271487570899462,108161806,105661806,459,58,7130,"Autosomes"
"247",9,23,0.294985638953035,113161806,110661806,318,75,9548,"Autosomes"
"248",9,24,0.291201819092673,118161806,115661806,539,101,12793,"Autosomes"
"249",9,25,0.2600140276947,123161806,120661806,413,72,8809,"Autosomes"
"250",9,26,0.268294934241574,128161806,125661806,390,66,8161,"Autosomes"
"251",9,27,0.31296466681037,133161806,130661806,525,94,11708,"Autosomes"
"252",9,28,0.310840012081926,138161806,135661806,453,99,12231,"Autosomes"
"253",9,29,0.355855957516696,143161806,140661806,584,124,15569,"Autosomes"
"254",9,30,0.273765361203008,148161806,145661806,489,87,10846,"Autosomes"
"255",9,31,0.317634008570804,153161806,150661806,325,61,7447,"Autosomes"
"256",9,32,0.260920908357361,158161806,155661806,355,70,8766,"Autosomes"
"257",9,33,0.277215910643592,163161806,160661806,447,97,12272,"Autosomes"
"258",9,34,0.258408731083178,168161806,165661806,569,110,13437,"Autosomes"
"259",9,35,0.224253035704311,173161806,170661806,552,91,11310,"Autosomes"
"260",9,36,0.233290799542508,178161806,175661806,557,77,9626,"Autosomes"
"261",9,37,0.207347778332518,183161806,180661806,474,56,7221,"Autosomes"
"262",9,38,0.227375455819198,188161806,185661806,364,48,5989,"Autosomes"
"263",9,39,0.258400087279329,193161806,190661806,329,41,5073,"Autosomes"
"264",9,40,0.264809130972902,198161806,195661806,63,13,1584,"Autosomes"
"265",9,41,0.196827710115363,203161806,200661806,229,34,4137,"Autosomes"
"266",9,42,0.293796655664576,208161806,205661806,439,76,9529,"Autosomes"
"267",9,43,0.321059783692646,213161806,210661806,231,56,6904,"Autosomes"
"268",9,44,0.326977321635152,218161806,215661806,31,8,1070,"Autosomes"
"269",9,45,0.20096976073993,223161806,220661806,318,49,6210,"Autosomes"
"270",10,1,0.182167949560111,2744397.5,244397.5,212,25,3055,"Autosomes"
"271",10,2,0.158515599546138,7744397.5,5244397.5,207,22,2794,"Autosomes"
"272",10,3,0.120521227103141,12744397.5,10244397.5,189,23,2845,"Autosomes"
"273",10,4,0.133422332537043,17744397.5,15244397.5,271,33,4177,"Autosomes"
"274",10,5,0.256711485357705,22744397.5,20244397.5,223,28,3566,"Autosomes"
"275",10,6,0.152367354942116,27744397.5,25244397.5,274,34,4155,"Autosomes"
"276",10,7,0.291329425939806,32744397.5,30244397.5,426,51,6360,"Autosomes"
"277",10,8,0.229674318612794,37744397.5,35244397.5,351,47,5765,"Autosomes"
"278",10,9,0.261813810261007,42744397.5,40244397.5,239,42,5227,"Autosomes"
"279",10,10,0.356872006807933,47744397.5,45244397.5,505,85,10555,"Autosomes"
"280",10,11,0.252506332609367,52744397.5,50244397.5,362,64,7937,"Autosomes"
"281",10,12,0.183727245504233,57744397.5,55244397.5,487,115,14480,"Autosomes"
"282",10,13,0.214298674559245,62744397.5,60244397.5,579,132,16578,"Autosomes"
"283",10,14,0.25732258685609,67744397.5,65244397.5,388,98,12267,"Autosomes"
"284",10,15,0.164707960861011,72744397.5,70244397.5,659,143,18108,"Autosomes"
"285",10,16,0.173253246351066,77744397.5,75244397.5,486,126,15658,"Autosomes"
"286",10,17,0.204226673954531,82744397.5,80244397.5,501,137,17181,"Autosomes"
"287",10,18,0.1628957470998,87744397.5,85244397.5,498,136,17028,"Autosomes"
"288",10,19,0.230281330146279,92744397.5,90244397.5,573,112,14062,"Autosomes"
"289",10,20,0.287100012612669,97744397.5,95244397.5,703,123,15508,"Autosomes"
"290",10,21,0.284690118856868,102744397.5,100244397.5,453,82,10070,"Autosomes"
"291",10,22,0.217002516874072,107744397.5,105244397.5,656,105,13405,"Autosomes"
"292",10,23,0.193611697411161,112744397.5,110244397.5,428,80,9743,"Autosomes"
"293",10,24,0.20366757015414,117744397.5,115244397.5,521,76,9263,"Autosomes"
"294",10,25,0.200029947861023,122744397.5,120244397.5,462,69,8741,"Autosomes"
"295",10,26,0.145151589199123,127744397.5,125244397.5,258,28,3452,"Autosomes"
"296",10,27,0.226424045587817,132744397.5,130244397.5,292,35,4279,"Autosomes"
"297",10,28,0.128053638735096,137744397.5,135244397.5,153,19,2408,"Autosomes"
"298",10,29,0.197452099981767,142744397.5,140244397.5,373,45,5564,"Autosomes"
"299",10,30,0.120462728098634,147744397.5,145244397.5,317,39,4854,"Autosomes"
"300",10,31,0.225889043111115,152744397.5,150244397.5,196,17,2173,"Autosomes"
"301",10,32,0.160526031594841,157744397.5,155244397.5,156,19,2388,"Autosomes"
"302",10,33,0.11967657459051,162744397.5,160244397.5,245,24,2959,"Autosomes"
"303",11,1,0.173685334651058,4808237.5,2308237.5,237,23,2795,"Autosomes"
"304",11,2,0.142930233049447,9808237.5,7308237.5,178,20,2438,"Autosomes"
"305",11,3,0.220159284417668,14808237.5,12308237.5,174,15,1912,"Autosomes"
"306",11,4,0.0920323684072406,19808237.5,17308237.5,214,26,3167,"Autosomes"
"307",11,5,0.217804192506395,24808237.5,22308237.5,269,33,4153,"Autosomes"
"308",11,6,0.148870533444277,29808237.5,27308237.5,231,27,3378,"Autosomes"
"309",11,7,0.167812184492096,34808237.5,32308237.5,133,18,2188,"Autosomes"
"310",11,8,0.240966099292182,39808237.5,37308237.5,302,40,4906,"Autosomes"
"311",11,9,0.233280761780979,44808237.5,42308237.5,352,54,6755,"Autosomes"
"312",11,10,0.220435177720054,49808237.5,47308237.5,273,42,5128,"Autosomes"
"313",11,11,0.266125325859191,54808237.5,52308237.5,468,71,8880,"Autosomes"
"314",11,12,0.226406819927751,59808237.5,57308237.5,434,87,11019,"Autosomes"
"315",11,13,0.219339893809249,64808237.5,62308237.5,519,99,12208,"Autosomes"
"316",11,14,0.319783505402118,69808237.5,67308237.5,604,113,14431,"Autosomes"
"317",11,15,0.224015405947104,74808237.5,72308237.5,608,106,13173,"Autosomes"
"318",11,16,0.272688134037532,79808237.5,77308237.5,641,130,16177,"Autosomes"
"319",11,17,0.272970902518841,84808237.5,82308237.5,457,78,9599,"Autosomes"
"320",11,18,0.231885555887266,89808237.5,87308237.5,549,105,13336,"Autosomes"
"321",11,19,0.217104428460926,94808237.5,92308237.5,712,150,19050,"Autosomes"
"322",11,20,0.234264116350732,99808237.5,97308237.5,484,97,12167,"Autosomes"
"323",11,21,0.219502148856662,104808237.5,102308237.5,776,150,18604,"Autosomes"
"324",11,22,0.186005046507433,109808237.5,107308237.5,773,147,18671,"Autosomes"
"325",11,23,0.217162187766775,114808237.5,112308237.5,389,102,12927,"Autosomes"
"326",11,24,0.194958764684313,119808237.5,117308237.5,681,165,21242,"Autosomes"
"327",11,25,0.238692449063364,124808237.5,122308237.5,364,80,10134,"Autosomes"
"328",11,26,0.191372211081861,129808237.5,127308237.5,635,175,22913,"Autosomes"
"329",11,27,0.200945654783062,134808237.5,132308237.5,646,151,18591,"Autosomes"
"330",11,28,0.168119821334088,139808237.5,137308237.5,631,153,19536,"Autosomes"
"331",11,29,0.166822367689641,144808237.5,142308237.5,727,146,18542,"Autosomes"
"332",11,30,0.374431410656547,149808237.5,147308237.5,389,89,11218,"Autosomes"
"333",11,31,0.371260390774412,154808237.5,152308237.5,633,129,16117,"Autosomes"
"334",11,32,0.217379843533532,159808237.5,157308237.5,414,54,6785,"Autosomes"
"335",11,33,0.179580843638719,164808237.5,162308237.5,488,68,8525,"Autosomes"
"336",11,34,0.24543073080523,169808237.5,167308237.5,308,41,5014,"Autosomes"
"337",11,35,0.29902326582919,174808237.5,172308237.5,198,32,4116,"Autosomes"
"338",11,36,0.258704636088611,179808237.5,177308237.5,311,45,5563,"Autosomes"
"339",11,37,0.143604103707733,184808237.5,182308237.5,278,41,5157,"Autosomes"
"340",11,38,0.198565577469891,189808237.5,187308237.5,262,35,4301,"Autosomes"
"341",11,39,0.161609891387534,194808237.5,192308237.5,405,41,5129,"Autosomes"
"342",11,40,0.196873738146271,199808237.5,197308237.5,290,34,4267,"Autosomes"
"343",11,41,0.167408310017733,204808237.5,202308237.5,242,27,3313,"Autosomes"
"344",12,1,0.243472829707889,3242136.5,742136.5,318,48,6098,"X-chr."
"345",12,2,0.199911982957424,8242136.5,5742136.5,246,45,5585,"X-chr."
"346",12,3,0.262011397966528,13242136.5,10742136.5,453,66,8274,"X-chr."
"347",12,4,0.259118515667208,18242136.5,15742136.5,456,78,9987,"X-chr."
"348",12,5,0.341375281595226,23242136.5,20742136.5,419,85,10447,"X-chr."
"349",12,6,0.463874395203689,28242136.5,25742136.5,243,55,6953,"X-chr."
"350",12,7,0.395656960687216,33242136.5,30742136.5,435,74,9342,"X-chr."
"351",12,8,0.458418874247312,38242136.5,35742136.5,407,82,9966,"X-chr."
"352",12,9,0.411726291366646,43242136.5,40742136.5,333,96,11881,"X-chr."
"353",12,10,0.200253223702589,48242136.5,45742136.5,474,121,15344,"X-chr."
"354",12,11,0.209705520117738,53242136.5,50742136.5,432,131,16863,"X-chr."
"355",12,12,0.210625855748706,58242136.5,55742136.5,575,147,18214,"X-chr."
"356",12,13,0.230155109843445,63242136.5,60742136.5,642,146,18733,"X-chr."
"357",12,14,0.224219648196326,68242136.5,65742136.5,559,106,13386,"X-chr."
"358",12,15,0.169039846292492,73242136.5,70742136.5,275,76,9359,"X-chr."
"359",12,16,0.322242332336212,78242136.5,75742136.5,387,124,16135,"X-chr."
"360",12,17,0.277990784830899,83242136.5,80742136.5,724,156,19960,"X-chr."
"361",12,18,0.315835133806417,88242136.5,85742136.5,388,104,13231,"X-chr."
"362",12,19,0.357911129965959,93242136.5,90742136.5,520,135,16799,"X-chr."
"363",12,20,0.392719737651169,98242136.5,95742136.5,553,147,18069,"X-chr."
"364",12,21,0.374464449515223,103242136.5,100742136.5,557,139,17579,"X-chr."
"365",12,22,0.364974811861038,108242136.5,105742136.5,512,126,15968,"X-chr."
"366",12,23,0.389425953182945,113242136.5,110742136.5,353,113,14363,"X-chr."
"367",12,24,0.359660377633766,118242136.5,115742136.5,445,102,13070,"X-chr."
"368",12,25,0.351578385781217,123242136.5,120742136.5,309,104,12893,"X-chr."
"369",12,26,0.31937786831361,128242136.5,125742136.5,540,115,14407,"X-chr."
"370",12,27,0.346809427433175,133242136.5,130742136.5,498,126,15938,"X-chr."
"371",12,28,0.326042231198306,138242136.5,135742136.5,444,101,12895,"X-chr."
"372",12,29,0.370405503087269,143242136.5,140742136.5,270,87,10921,"X-chr."
"373",12,30,0.357200764310631,148242136.5,145742136.5,529,133,16631,"X-chr."
"374",12,31,0.263754395510384,153242136.5,150742136.5,416,110,14258,"X-chr."
"375",12,32,0.355249067670111,158242136.5,155742136.5,539,147,18596,"X-chr."
"377",12,34,0.31995617543356,168242136.5,165742136.5,113,32,4025,"X-chr."
"378",12,35,0.372751439678226,173242136.5,170742136.5,413,117,15137,"X-chr."
"379",12,36,0.351130538426729,178242136.5,175742136.5,415,119,14973,"X-chr."
"380",12,37,0.36491083166761,183242136.5,180742136.5,461,134,17021,"X-chr."
"381",12,38,0.276308968961028,188242136.5,185742136.5,539,125,16193,"X-chr."
"382",12,39,0.340138566132382,193242136.5,190742136.5,463,133,16674,"X-chr."
"383",12,40,0.293989524795642,198242136.5,195742136.5,170,49,6364,"X-chr."
"385",12,42,0.360731803430988,208242136.5,205742136.5,345,120,15050,"X-chr."
"386",12,43,0.323814336179072,213242136.5,210742136.5,535,133,16664,"X-chr."
"387",12,44,0.28338923398256,218242136.5,215742136.5,458,115,14515,"X-chr."
"388",12,45,0.322617371075945,223242136.5,220742136.5,398,107,13623,"X-chr."
"389",12,46,0.345717155675011,228242136.5,225742136.5,205,73,9408,"X-chr."
"390",12,47,0.383841341061362,233242136.5,230742136.5,335,128,16424,"X-chr."
"391",12,48,0.299908614287847,238242136.5,235742136.5,473,122,15529,"X-chr."
"392",12,49,0.277862985538336,243242136.5,240742136.5,536,139,17301,"X-chr."
"393",12,50,0.301634868463326,248242136.5,245742136.5,421,103,13001,"X-chr."
"394",12,51,0.392239042006295,253242136.5,250742136.5,388,117,14632,"X-chr."
"395",12,52,0.345223118781262,258242136.5,255742136.5,361,101,12679,"X-chr."
"396",12,53,0.293827267952084,263242136.5,260742136.5,410,87,10896,"X-chr."
"397",12,54,0.229239874231452,268242136.5,265742136.5,521,96,11822,"X-chr."
"398",12,55,0.232095606913045,273242136.5,270742136.5,689,116,14584,"X-chr."
"399",12,56,0.220909344543456,278242136.5,275742136.5,699,96,11821,"X-chr."
"400",12,57,0.301278158353946,283242136.5,280742136.5,647,115,14597,"X-chr."
"401",12,58,0.253471991707986,288242136.5,285742136.5,516,113,14216,"X-chr."
"402",12,59,0.285297017089751,293242136.5,290742136.5,639,103,12713,"X-chr."
"403",12,60,0.264932745678201,298242136.5,295742136.5,714,103,12825,"X-chr."
"404",12,61,0.281124452621339,303242136.5,300742136.5,377,62,7742,"X-chr."
"405",12,62,0.270785709888799,308242136.5,305742136.5,459,61,7461,"X-chr."
"406",12,63,0.286772100189889,313242136.5,310742136.5,428,53,6590,"X-chr."
"407",12,64,0.18796198584085,318242136.5,315742136.5,256,40,5055,"X-chr."
"408",12,65,0.130270094132802,323242136.5,320742136.5,238,28,3514,"X-chr."
"409",12,66,0.194778711702587,328242136.5,325742136.5,447,55,7284,"X-chr."
"410",12,67,0.169581027134235,333242136.5,330742136.5,279,36,4454,"X-chr."
"411",12,68,0.164279069759671,338242136.5,335742136.5,189,25,3054,"X-chr."
"412",12,69,0.184888913643028,343242136.5,340742136.5,219,22,2669,"X-chr."
